,Address,City,Postcode,Price,Rooms,Link,DateLastUpdated,EstimatedAnnualRent,Gross_Yield_%,Net_Yield_%
0,"Mears Close, Whitechapel","London, UK",E1,525000.0,2,https://rightmove.co.uk/properties/156682190#/?channel=RES_BUY,2025-04-29,41075.2,7.82,1.83
1,"Merchant Court, 61 Wapping Wall, London, E1W","London, UK",E1,650000.0,1,https://rightmove.co.uk/properties/159982403#/?channel=RES_BUY,2025-07-19,30839.36842105263,4.74,-0.81
2,"Voss Street, Bethnal Green, London, E2","London, UK",E1,575000.0,1,https://rightmove.co.uk/properties/164722322#/?channel=RES_BUY,2025-07-19,30839.36842105263,5.36,-0.28
3,"Palmers Road, Bethnal Green, London, E2","London, UK",E1,325000.0,1,https://rightmove.co.uk/properties/161469140#/?channel=RES_BUY,2025-07-18,30839.36842105263,9.49,3.25
4,"Palmers Road, Bethnal Green","London, UK",E1,325000.0,1,https://rightmove.co.uk/properties/161660543#/?channel=RES_BUY,2025-07-18,30839.36842105263,9.49,3.25
5,"Palmers Road, Bethnal Green","London, UK",E1,325000.0,1,https://rightmove.co.uk/properties/161658185#/?channel=RES_BUY,2025-07-18,30839.36842105263,9.49,3.25
6,"Vollasky House, Daplyn Street, Shoreditch, E1","London, UK",E1,320000.0,1,https://rightmove.co.uk/properties/159692501#/?channel=RES_BUY,2025-07-18,30839.36842105263,9.64,3.38
7,"Armsby House, Stepney Way, Stepney, London, E1","London, UK",E1,270000.0,1,https://rightmove.co.uk/properties/163750262#/?channel=RES_BUY,2025-07-18,30839.36842105263,11.42,4.9
8,"Prescot Street, London, E1","London, UK",E1,575000.0,2,https://rightmove.co.uk/properties/164702351#/?channel=RES_BUY,2025-07-18,41075.2,7.14,1.25
9,"Cheshire Street, London, E2","London, UK",E1,575000.0,2,https://rightmove.co.uk/properties/156297707#/?channel=RES_BUY,2025-07-18,41075.2,7.14,1.25
10,"Cambridge Heath Road, London, E2","London, UK",E1,667000.0,2,https://rightmove.co.uk/properties/164693726#/?channel=RES_BUY,2025-07-18,41075.2,6.16,0.4
11,"Pepys Street,  Tower, EC3N","London, UK",E1,500000.0,1,https://rightmove.co.uk/properties/162389288#/?channel=RES_BUY,2025-07-18,30839.36842105263,6.17,0.41
12,"Discovery Walk, Wapping","London, UK",E1,425000.0,1,https://rightmove.co.uk/properties/162137108#/?channel=RES_BUY,2025-07-18,30839.36842105263,7.26,1.34
13,"Palmers Road, Bethnal Green","London, UK",E1,600000.0,2,https://rightmove.co.uk/properties/164682800#/?channel=RES_BUY,2025-07-18,41075.2,6.85,0.99
14,"Temple Street, London, E2","London, UK",E1,350000.0,1,https://rightmove.co.uk/properties/164681492#/?channel=RES_BUY,2025-07-18,30839.36842105263,8.81,2.67
15,"Christian Street, London, E1","London, UK",E1,440000.0,2,https://rightmove.co.uk/properties/162535652#/?channel=RES_BUY,2025-07-18,41075.2,9.34,3.12
16,"Mint Street, Bethnal Green, London, E2","London, UK",E1,400000.0,1,https://rightmove.co.uk/properties/164105624#/?channel=RES_BUY,2025-07-18,30839.36842105263,7.71,1.73
17,"Stylus House, Devonport Street, London, E1","London, UK",E1,375000.0,2,https://rightmove.co.uk/properties/162048419#/?channel=RES_BUY,2025-07-18,41075.2,10.95,4.5
18,"Newark Street, London, E1","London, UK",E1,375000.0,1,https://rightmove.co.uk/properties/164674205#/?channel=RES_BUY,2025-07-18,30839.36842105263,8.22,2.17
19,"Binnacle House, Cobblestone Square, E1W","London, UK",E1,630000.0,2,https://rightmove.co.uk/properties/163836524#/?channel=RES_BUY,2025-07-18,41075.2,6.52,0.71
20,"Hackney Road, London, E2","London, UK",E1,575000.0,1,https://rightmove.co.uk/properties/164673689#/?channel=RES_BUY,2025-07-18,30839.36842105263,5.36,-0.28
21,"Bethnal Green Road, London, E2","London, UK",E1,575000.0,2,https://rightmove.co.uk/properties/159411584#/?channel=RES_BUY,2025-07-18,41075.2,7.14,1.25
22,"Hughes Mansion, Vallance Road, London, E1","London, UK",E1,500000.0,2,https://rightmove.co.uk/properties/163897301#/?channel=RES_BUY,2025-07-18,41075.2,8.22,2.16
23,"Brook House, 3 Fletcher Street, E1","London, UK",E1,490000.0,2,https://rightmove.co.uk/properties/161602178#/?channel=RES_BUY,2025-07-18,41075.2,8.38,2.3
24,"Sugar Loaf Walk, Bethnal Green, E2","London, UK",E1,500000.0,2,https://rightmove.co.uk/properties/164666858#/?channel=RES_BUY,2025-07-18,41075.2,8.22,2.16
25,"Boyd Street, LONDON E1 1NE","London, UK",E1,600000.0,2,https://rightmove.co.uk/properties/159656018#/?channel=RES_BUY,2025-05-13,41075.2,6.85,0.99
26,"Darling Row, London, E1","London, UK",E1,375000.0,2,https://rightmove.co.uk/properties/164666747#/?channel=RES_BUY,2025-07-18,41075.2,10.95,4.5
27,"Drysdale Street, Shoreditch, N1","London, UK",E1,700000.0,1,https://rightmove.co.uk/properties/163994234#/?channel=RES_BUY,2025-07-17,30839.36842105263,4.41,-1.1
28,"Donegal House, Cambridge Heath Road","London, UK",E1,425000.0,2,https://rightmove.co.uk/properties/162233396#/?channel=RES_BUY,2025-07-17,41075.2,9.66,3.4
29,"Moor Lane, Moorgate","London, UK",E1,650000.0,1,https://rightmove.co.uk/properties/163137617#/?channel=RES_BUY,2025-07-17,30839.36842105263,4.74,-0.81
30,"Hackney Road,Shoreditch, E2","London, UK",E1,580000.0,1,https://rightmove.co.uk/properties/164654948#/?channel=RES_BUY,2025-07-17,30839.36842105263,5.32,-0.32
31,"Cremer Street, London, E2","London, UK",E1,500000.0,2,https://rightmove.co.uk/properties/164652956#/?channel=RES_BUY,2025-07-17,41075.2,8.22,2.16
32,"Florida Studios, Shoreditch, E2","London, UK",E1,550000.0,1,https://rightmove.co.uk/properties/164648459#/?channel=RES_BUY,2025-07-17,30839.36842105263,5.61,-0.07
33,"Stepney Way, London","London, UK",E1,400000.0,2,https://rightmove.co.uk/properties/164647448#/?channel=RES_BUY,2025-07-17,41075.2,10.27,3.92
34,"Hindmarsh Close, Wapping, London, E1","London, UK",E1,270000.0,2,https://rightmove.co.uk/properties/87089895#/?channel=RES_BUY,2025-07-17,41075.2,15.21,8.14
35,"Lovat Lane, City, London, EC3R","London, UK",E1,515000.0,1,https://rightmove.co.uk/properties/87172089#/?channel=RES_BUY,2025-07-17,30839.36842105263,5.99,0.26
36,"Greatorex Street, Brick Lane, London, E1","London, UK",E1,475000.0,2,https://rightmove.co.uk/properties/164645231#/?channel=RES_BUY,2025-07-17,41075.2,8.65,2.53
37,"Gwynnne House, Whitechapel, London, E1","London, UK",E1,400000.0,2,https://rightmove.co.uk/properties/164645051#/?channel=RES_BUY,2025-07-17,41075.2,10.27,3.92
38,"Hackney Road, Columbia Road, London, E2","London, UK",E1,580000.0,1,https://rightmove.co.uk/properties/155873237#/?channel=RES_BUY,2025-07-17,30839.36842105263,5.32,-0.32
39,"Hackney Road, Hackney, London, E2","London, UK",E1,620000.0,2,https://rightmove.co.uk/properties/159611867#/?channel=RES_BUY,2025-07-17,41075.2,6.63,0.8
40,"Leamore Court, Meath Crescent, Bethnal Green, London, E2","London, UK",E1,400000.0,2,https://rightmove.co.uk/properties/162207548#/?channel=RES_BUY,2025-07-17,41075.2,10.27,3.92
41,"Elmslie Point, Bow, London, E3","London, UK",E1,325000.0,2,https://rightmove.co.uk/properties/153500333#/?channel=RES_BUY,2025-07-17,41075.2,12.64,5.94
42,"Eluna apartments, Wapping E1W","London, UK",E1,375000.0,1,https://rightmove.co.uk/properties/164636504#/?channel=RES_BUY,2025-07-17,30839.36842105263,8.22,2.17
43,"Cavell Street, Whitechapel","London, UK",E1,425000.0,2,https://rightmove.co.uk/properties/163593227#/?channel=RES_BUY,2025-07-17,41075.2,9.66,3.4
44,"Teesdale Street, London, E2","London, UK",E1,450000.0,1,https://rightmove.co.uk/properties/164632256#/?channel=RES_BUY,2025-07-17,30839.36842105263,6.85,1.0
45,"Weymouth Terrace, London, E2","London, UK",E1,350000.0,1,https://rightmove.co.uk/properties/164630843#/?channel=RES_BUY,2025-07-17,30839.36842105263,8.81,2.67
46,"City Road, London, EC1Y","London, UK",E1,725000.0,2,https://rightmove.co.uk/properties/162969221#/?channel=RES_BUY,2025-07-17,41075.2,5.67,-0.02
47,"Quaker Street, London, E1","London, UK",E1,595000.0,2,https://rightmove.co.uk/properties/164628629#/?channel=RES_BUY,2025-07-17,41075.2,6.9,1.04
48,"Pepys Street, London, EC3N","London, UK",E1,500000.0,1,https://rightmove.co.uk/properties/161618519#/?channel=RES_BUY,2025-07-17,30839.36842105263,6.17,0.41
49,"Commercial Street, London, E1","London, UK",E1,550000.0,1,https://rightmove.co.uk/properties/163865087#/?channel=RES_BUY,2025-07-17,30839.36842105263,5.61,-0.07
50,"St. John Street, London, EC1M","London, UK",EC1A,600000.0,1,https://rightmove.co.uk/properties/163124384#/?channel=RES_BUY,2025-07-14,33699.75,5.62,-0.06
51,"Bride Court, City, London, EC4Y","London, UK",EC1A,625000.0,2,https://rightmove.co.uk/properties/164699078#/?channel=RES_BUY,2025-07-18,44923.05882352941,7.19,1.28
52,"Horse Shoe Court, 11 Brewhouse Yard, London, EC1V","London, UK",EC1A,650000.0,1,https://rightmove.co.uk/properties/164321507#/?channel=RES_BUY,2025-07-17,33699.75,5.18,-0.43
53,"Barbican, Ben Jonson House, Barbican","London, UK",EC1A,760000.0,1,https://rightmove.co.uk/properties/161141720#/?channel=RES_BUY,2025-07-17,33699.75,4.43,-1.07
54,"Portpool Lane, London, EC1N","London, UK",EC1A,695000.0,2,https://rightmove.co.uk/properties/164618306#/?channel=RES_BUY,2025-07-17,44923.05882352941,6.46,0.66
55,"Bourne Estate, Portpool Lane, London, EC1N","London, UK",EC1A,695000.0,2,https://rightmove.co.uk/properties/164566340#/?channel=RES_BUY,2025-07-16,44923.05882352941,6.46,0.66
56,"Barbican, Ben Jonson House","London, UK",EC1A,725000.0,1,https://rightmove.co.uk/properties/163530722#/?channel=RES_BUY,2025-07-15,33699.75,4.65,-0.89
57,"Britton Street, Farringdon","London, UK",EC1A,900000.0,2,https://rightmove.co.uk/properties/162906293#/?channel=RES_BUY,2025-07-15,44923.05882352941,4.99,-0.59
58,"Clerkenwell Road, Farringdon, EC1M","London, UK",EC1A,640000.0,2,https://rightmove.co.uk/properties/160402088#/?channel=RES_BUY,2025-07-15,44923.05882352941,7.02,1.14
59,"Clerkenwell Road, Clerkenwell, London, EC1M","London, UK",EC1A,595000.0,1,https://rightmove.co.uk/properties/163297124#/?channel=RES_BUY,2025-07-15,33699.75,5.66,-0.02
60,"Barbican, Ben Jonson House","London, UK",EC1A,785000.0,1,https://rightmove.co.uk/properties/164490422#/?channel=RES_BUY,2025-07-14,33699.75,4.29,-1.19
61,"Fetter Lane, St Pauls, London, EC4A","London, UK",EC1A,700000.0,2,https://rightmove.co.uk/properties/164471084#/?channel=RES_BUY,2025-07-14,44923.05882352941,6.42,0.62
62,"Bridgewater Square, London, EC2Y","London, UK",EC1A,650000.0,2,https://rightmove.co.uk/properties/163546718#/?channel=RES_BUY,2025-07-12,44923.05882352941,6.91,1.05
63,"Clerkenwell Road, London, EC1M","London, UK",EC1A,575000.0,1,https://rightmove.co.uk/properties/164425985#/?channel=RES_BUY,2025-07-11,33699.75,5.86,0.15
64,"Bayer House, Golden Lane Estate, Barbican, London, EC1Y","London, UK",EC1A,625000.0,2,https://rightmove.co.uk/properties/164421740#/?channel=RES_BUY,2025-07-11,44923.05882352941,7.19,1.28
65,"Hatton Wall, London, EC1N","London, UK",EC1A,575000.0,1,https://rightmove.co.uk/properties/160879490#/?channel=RES_BUY,2025-07-11,33699.75,5.86,0.15
66,"Charterhouse The Square, Clerkenwell, EC1M","London, UK",EC1A,575000.0,1,https://rightmove.co.uk/properties/164390726#/?channel=RES_BUY,2025-07-11,33699.75,5.86,0.15
67,"Golden Lane Estate, London, EC1Y","London, UK",EC1A,625000.0,2,https://rightmove.co.uk/properties/87241638#/?channel=RES_BUY,2025-07-11,44923.05882352941,7.19,1.28
68,The Heron 5 Moor Lane London,"London, UK",EC1A,600000.0,1,https://rightmove.co.uk/properties/149723210#/?channel=RES_BUY,2025-07-11,33699.75,5.62,-0.06
69,"7 High Holborn, London, WC1V","London, UK",EC1A,600000.0,1,https://rightmove.co.uk/properties/87221001#/?channel=RES_BUY,2025-07-10,33699.75,5.62,-0.06
70,"West Smithfield, City of London","London, UK",EC1A,750000.0,1,https://rightmove.co.uk/properties/160170899#/?channel=RES_BUY,2025-07-10,33699.75,4.49,-1.02
71,"Black Friars Lane, Blackfriars, London, EC4V","London, UK",EC1A,850000.0,2,https://rightmove.co.uk/properties/163548233#/?channel=RES_BUY,2025-07-10,44923.05882352941,5.29,-0.34
72,"John Trundle Highwalk, Barbican, London, EC2Y","London, UK",EC1A,850000.0,1,https://rightmove.co.uk/properties/162255455#/?channel=RES_BUY,2025-07-09,33699.75,3.96,-1.47
73,"The Gallery, Ludgate Hill, EC4M","London, UK",EC1A,550000.0,1,https://rightmove.co.uk/properties/160456898#/?channel=RES_BUY,2025-06-24,33699.75,6.13,0.38
74,"Goswell Road, London","London, UK",EC1A,500000.0,1,https://rightmove.co.uk/properties/164309756#/?channel=RES_BUY,2025-07-08,33699.75,6.74,0.9
75,Florin Court,"London, UK",EC1A,250000.0,1,https://rightmove.co.uk/properties/158829326#/?channel=RES_BUY,2025-07-08,33699.75,13.48,6.66
76,"Little Britain, London, EC1A","London, UK",EC1A,825000.0,2,https://rightmove.co.uk/properties/164289191#/?channel=RES_BUY,2025-07-08,44923.05882352941,5.45,-0.21
77,"Goswell Road, London","London, UK",EC1A,750000.0,2,https://rightmove.co.uk/properties/160526261#/?channel=RES_BUY,2025-07-08,44923.05882352941,5.99,0.26
78,"Goswell Road, London","London, UK",EC1A,800000.0,2,https://rightmove.co.uk/properties/161883800#/?channel=RES_BUY,2025-07-08,44923.05882352941,5.62,-0.06
79,"Golden Lane Estate, London EC1Y","London, UK",EC1A,500000.0,1,https://rightmove.co.uk/properties/163353170#/?channel=RES_BUY,2025-07-08,33699.75,6.74,0.9
80,"St John Street, Clerkenwell, London, EC1M","London, UK",EC1A,825000.0,2,https://rightmove.co.uk/properties/164292137#/?channel=RES_BUY,2025-07-08,44923.05882352941,5.45,-0.21
81,"Cliffords Inn,  Fetter Lane, EC4A","London, UK",EC1A,700000.0,2,https://rightmove.co.uk/properties/164280827#/?channel=RES_BUY,2025-07-08,44923.05882352941,6.42,0.62
82,"Fetter Lane, London, EC4A","London, UK",EC1A,500000.0,1,https://rightmove.co.uk/properties/161891750#/?channel=RES_BUY,2025-07-07,33699.75,6.74,0.9
83,"Spencer Heights, 28 Bartholomew Close, London","London, UK",EC1A,550000.0,1,https://rightmove.co.uk/properties/159246929#/?channel=RES_BUY,2025-07-07,33699.75,6.13,0.38
84,"Clerkenwell Road, London, EC1M","London, UK",EC1A,850000.0,2,https://rightmove.co.uk/properties/162937367#/?channel=RES_BUY,2025-07-04,44923.05882352941,5.29,-0.34
85,"Banner Street, London, EC1Y","London, UK",EC1A,700000.0,2,https://rightmove.co.uk/properties/157101842#/?channel=RES_BUY,2025-07-04,44923.05882352941,6.42,0.62
86,"Lamb's Passage, Barbican","London, UK",EC1A,800000.0,2,https://rightmove.co.uk/properties/164165711#/?channel=RES_BUY,2025-07-04,44923.05882352941,5.62,-0.06
87,Fetter Lane London EC4A,"London, UK",EC1A,635000.0,1,https://rightmove.co.uk/properties/147953633#/?channel=RES_BUY,2025-07-04,33699.75,5.31,-0.32
88,"Cannon Court, 5 Brewhouse Yard, London, EC1V","London, UK",EC1A,700000.0,1,https://rightmove.co.uk/properties/87079731#/?channel=RES_BUY,2025-07-04,33699.75,4.81,-0.75
89,"High Holborn, WC1V","London, UK",EC1A,820000.0,2,https://rightmove.co.uk/properties/157944401#/?channel=RES_BUY,2025-07-03,44923.05882352941,5.48,-0.18
90,"The Heron, EC2","London, UK",EC1A,650000.0,1,https://rightmove.co.uk/properties/161284910#/?channel=RES_BUY,2025-07-03,33699.75,5.18,-0.43
91,"Horse Shoe Court, 11 Brewhouse Yard, London, EC1V","London, UK",EC1A,900000.0,2,https://rightmove.co.uk/properties/164051180#/?channel=RES_BUY,2025-07-02,44923.05882352941,4.99,-0.59
92,"West Smithfield, London, EC1A","London, UK",EC1A,570000.0,1,https://rightmove.co.uk/properties/161393120#/?channel=RES_BUY,2025-07-01,33699.75,5.91,0.19
93,"Portpool Lane, Farringdon, London, EC1N","London, UK",EC1A,500000.0,2,https://rightmove.co.uk/properties/163985630#/?channel=RES_BUY,2025-06-30,44923.05882352941,8.98,2.82
94,"Carthusian Street, City of London","London, UK",EC1A,750000.0,2,https://rightmove.co.uk/properties/163238063#/?channel=RES_BUY,2025-06-30,44923.05882352941,5.99,0.26
95,"St. Dunstan's House, Fetter Lane, EC4A","London, UK",EC1A,800000.0,1,https://rightmove.co.uk/properties/162211127#/?channel=RES_BUY,2025-06-28,33699.75,4.21,-1.26
96,"West Smithfield, City of London","London, UK",EC1A,630000.0,2,https://rightmove.co.uk/properties/161433806#/?channel=RES_BUY,2025-06-27,44923.05882352941,7.13,1.23
97,"Aldersgate Street, London, EC1A","London, UK",EC1A,575000.0,1,https://rightmove.co.uk/properties/163899887#/?channel=RES_BUY,2025-06-27,33699.75,5.86,0.15
98,"Boardwalk Place, London","London, UK",E14,600000.0,2,https://rightmove.co.uk/properties/87183498#/?channel=RES_BUY,2025-07-11,38217.29032258065,6.37,0.58
99,"Tidal Basin Road, London","London, UK",E14,620000.0,2,https://rightmove.co.uk/properties/164731772#/?channel=RES_BUY,2025-07-20,38217.29032258065,6.16,0.41
100,"Dowells Street, Greenwich, SE10 9DX","London, UK",E14,350000.0,1,https://rightmove.co.uk/properties/164726387#/?channel=RES_BUY,2025-07-19,32237.333333333332,9.21,3.01
101,"Galaxy Building, 5 Crews Street, London, E14","London, UK",E14,310000.0,1,https://rightmove.co.uk/properties/144038807#/?channel=RES_BUY,2025-07-19,32237.333333333332,10.4,4.03
102,"New Providence Wharf, London, E14","London, UK",E14,600000.0,2,https://rightmove.co.uk/properties/163392077#/?channel=RES_BUY,2025-07-19,38217.29032258065,6.37,0.58
103,"Blair Street, London, E14","London, UK",E14,400000.0,2,https://rightmove.co.uk/properties/158253668#/?channel=RES_BUY,2025-07-19,38217.29032258065,9.55,3.31
104,"Explorers Court, Canary Wharf, London, E14","London, UK",E14,310000.0,1,https://rightmove.co.uk/properties/164722328#/?channel=RES_BUY,2025-07-19,32237.333333333332,10.4,4.03
105,"Landmark West Tower, Marsh Wall, E14","London, UK",E14,400000.0,1,https://rightmove.co.uk/properties/157410080#/?channel=RES_BUY,2025-07-19,32237.333333333332,8.06,2.03
106,"Rainhill Way, London, E3","London, UK",E14,400000.0,2,https://rightmove.co.uk/properties/163633997#/?channel=RES_BUY,2025-07-19,38217.29032258065,9.55,3.31
107,"Ten Park Drive, Canary Wharf, E14","London, UK",E14,500000.0,1,https://rightmove.co.uk/properties/164712908#/?channel=RES_BUY,2025-07-18,32237.333333333332,6.45,0.65
108,"Rotherhithe Street, Rotherhithe","London, UK",E14,350000.0,1,https://rightmove.co.uk/properties/164710250#/?channel=RES_BUY,2025-07-18,32237.333333333332,9.21,3.01
109,"Deptford Wharf, London, SE8","London, UK",E14,400000.0,2,https://rightmove.co.uk/properties/164709590#/?channel=RES_BUY,2025-07-18,38217.29032258065,9.55,3.31
110,"Westferry Road,London,E14 3QA","London, UK",E14,350000.0,2,https://rightmove.co.uk/properties/164708987#/?channel=RES_BUY,2025-07-18,38217.29032258065,10.92,4.47
111,"Dowells Street, Greenwich, SE10","London, UK",E14,500000.0,2,https://rightmove.co.uk/properties/164708468#/?channel=RES_BUY,2025-07-18,38217.29032258065,7.64,1.67
112,Cutter Lane Greenwich SE10,"London, UK",E14,425000.0,1,https://rightmove.co.uk/properties/164707100#/?channel=RES_BUY,2025-07-18,32237.333333333332,7.59,1.62
113,"Rotherhithe Street, London, SE16","London, UK",E14,524000.0,2,https://rightmove.co.uk/properties/163220339#/?channel=RES_BUY,2025-07-18,38217.29032258065,7.29,1.37
114,"Elite House, Limehouse, E14","London, UK",E14,450000.0,2,https://rightmove.co.uk/properties/164700635#/?channel=RES_BUY,2025-07-18,38217.29032258065,8.49,2.4
115,"Fairfoot Road, E3, Bow, London, E3","London, UK",E14,425000.0,2,https://rightmove.co.uk/properties/164699039#/?channel=RES_BUY,2025-07-18,38217.29032258065,8.99,2.83
116,"Devons Road, E3, Bow, London, E3","London, UK",E14,350000.0,1,https://rightmove.co.uk/properties/164699006#/?channel=RES_BUY,2025-07-18,32237.333333333332,9.21,3.01
117,"Corson House, Canning Town, London, E14","London, UK",E14,600000.0,2,https://rightmove.co.uk/properties/160989248#/?channel=RES_BUY,2025-07-18,38217.29032258065,6.37,0.58
118,"Telegraph Place, London E14","London, UK",E14,325000.0,1,https://rightmove.co.uk/properties/164696384#/?channel=RES_BUY,2025-07-18,32237.333333333332,9.92,3.62
119,"Anglesey House, Canary Wharf, E14","London, UK",E14,325000.0,2,https://rightmove.co.uk/properties/164118008#/?channel=RES_BUY,2025-07-18,38217.29032258065,11.76,5.19
120,"New Providence Wharf, E14","London, UK",E14,390000.0,1,https://rightmove.co.uk/properties/164695556#/?channel=RES_BUY,2025-07-18,32237.333333333332,8.27,2.2
121,"Millharbour, London, E14","London, UK",E14,530000.0,2,https://rightmove.co.uk/properties/164693786#/?channel=RES_BUY,2025-07-18,38217.29032258065,7.21,1.3
122,"Barge Walk, Greenwich, London, SE10","London, UK",E14,450000.0,2,https://rightmove.co.uk/properties/164692931#/?channel=RES_BUY,2025-07-18,38217.29032258065,8.49,2.4
123,"Kent Building, London City Island, E14","London, UK",E14,575000.0,2,https://rightmove.co.uk/properties/138234155#/?channel=RES_BUY,2025-04-15,38217.29032258065,6.65,0.82
124,"Banning Street, Greenwich, SE10","London, UK",E14,340000.0,1,https://rightmove.co.uk/properties/160810706#/?channel=RES_BUY,2025-07-18,32237.333333333332,9.48,3.24
125,"Akbar House,  Cahir Street, E14","London, UK",E14,350000.0,2,https://rightmove.co.uk/properties/162847463#/?channel=RES_BUY,2025-07-18,38217.29032258065,10.92,4.47
126,"Gooch House, 2 Telcon Way, Greenwich, London, SE10","London, UK",E14,379950.0,1,https://rightmove.co.uk/properties/164689016#/?channel=RES_BUY,2025-07-18,32237.333333333332,8.48,2.39
127,"Naomi Street, Rotherhithe, London, SE8","London, UK",E14,380000.0,1,https://rightmove.co.uk/properties/163371110#/?channel=RES_BUY,2025-07-18,32237.333333333332,8.48,2.39
128,"Serapis House, Goodluck Hope, London, E14","London, UK",E14,500000.0,1,https://rightmove.co.uk/properties/138408161#/?channel=RES_BUY,2025-07-18,32237.333333333332,6.45,0.65
129,"9 Province Square, London, E14","London, UK",E14,525000.0,2,https://rightmove.co.uk/properties/164684702#/?channel=RES_BUY,2025-07-18,38217.29032258065,7.28,1.36
130,"Keymer Place, E14, Limehouse, London, E14","London, UK",E14,450000.0,2,https://rightmove.co.uk/properties/162797465#/?channel=RES_BUY,2025-07-18,38217.29032258065,8.49,2.4
131,"Beacon Point,  London, SE10","London, UK",E14,400000.0,1,https://rightmove.co.uk/properties/164678486#/?channel=RES_BUY,2025-07-18,32237.333333333332,8.06,2.03
132,"Celestial House, Poplar, E14","London, UK",E14,350000.0,1,https://rightmove.co.uk/properties/164678168#/?channel=RES_BUY,2025-07-18,32237.333333333332,9.21,3.01
133,"Silvocea Way, Avalon Point, E14","London, UK",E14,400000.0,1,https://rightmove.co.uk/properties/162143078#/?channel=RES_BUY,2025-07-18,32237.333333333332,8.06,2.03
134,"Maltings Close, Tower Hamlets, London, E3","London, UK",E14,300000.0,1,https://rightmove.co.uk/properties/154878773#/?channel=RES_BUY,2025-07-18,32237.333333333332,10.75,4.33
135,"Enderby Street, London","London, UK",E14,350000.0,2,https://rightmove.co.uk/properties/163848698#/?channel=RES_BUY,2025-07-18,38217.29032258065,10.92,4.47
136,"New Providence Wharf, E14","London, UK",E14,375000.0,1,https://rightmove.co.uk/properties/164669627#/?channel=RES_BUY,2025-07-18,32237.333333333332,8.6,2.49
137,"Newport Avenue, London, E14","London, UK",E14,325000.0,1,https://rightmove.co.uk/properties/164667311#/?channel=RES_BUY,2025-07-18,32237.333333333332,9.92,3.62
138,"Hallsville Road, London, E16","London, UK",E14,425000.0,2,https://rightmove.co.uk/properties/164657126#/?channel=RES_BUY,2025-07-17,38217.29032258065,8.99,2.83
139,"Aegon House, Lanark Square, London E14","London, UK",E14,350000.0,1,https://rightmove.co.uk/properties/163946255#/?channel=RES_BUY,2025-07-17,32237.333333333332,9.21,3.01
140,"Poplar High Street, Wharfside Point North, E14","London, UK",E14,330000.0,1,https://rightmove.co.uk/properties/157989755#/?channel=RES_BUY,2025-07-17,32237.333333333332,9.77,3.49
141,"New Village Avenue, London, E14","London, UK",E14,410000.0,1,https://rightmove.co.uk/properties/164655050#/?channel=RES_BUY,2025-07-17,32237.333333333332,7.86,1.86
142,"Barnacle House, Poplar Riverside, E14","London, UK",E14,570000.0,2,https://rightmove.co.uk/properties/160500989#/?channel=RES_BUY,2025-07-17,38217.29032258065,6.7,0.87
143,"Michigan Building, New Providence Wharf, E14","London, UK",E14,390000.0,1,https://rightmove.co.uk/properties/164652986#/?channel=RES_BUY,2025-07-17,32237.333333333332,8.27,2.2
144,"Southcott House, Devons Road, Bow, London, E3","London, UK",E14,350000.0,2,https://rightmove.co.uk/properties/164652980#/?channel=RES_BUY,2025-07-17,38217.29032258065,10.92,4.47
145,"Barnacle House, Poplar Riverside, E14","London, UK",E14,625000.0,2,https://rightmove.co.uk/properties/160490822#/?channel=RES_BUY,2025-07-17,38217.29032258065,6.11,0.37
146,"Barnacle House, Poplar Riverside, E14","London, UK",E14,650000.0,2,https://rightmove.co.uk/properties/160471439#/?channel=RES_BUY,2025-07-17,38217.29032258065,5.88,0.16
147,"Wharf Lane, Limehouse","London, UK",E14,400000.0,2,https://rightmove.co.uk/properties/164651795#/?channel=RES_BUY,2025-07-17,38217.29032258065,9.55,3.31
148,"Caroline Street, Birmingham, B3","Birmingham, UK",B1,435000.0,2,https://rightmove.co.uk/properties/136631618#/?channel=RES_BUY,2025-01-24,17179.354838709674,3.95,-1.49
149,"Bell Barn Road, Birmingham, B15","Birmingham, UK",B1,260000.0,2,https://rightmove.co.uk/properties/162834062#/?channel=RES_BUY,2025-07-15,17179.354838709674,6.61,0.79
150,"West Timberyard, 146 Hurst Street, Birmingham, B5 6RY","Birmingham, UK",B1,320000.0,2,https://rightmove.co.uk/properties/143078291#/?channel=RES_BUY,2025-07-15,17179.354838709674,5.37,-0.27
151,"Assay Lofts, Charlotte Street, B3 1BP","Birmingham, UK",B1,425000.0,2,https://rightmove.co.uk/properties/164491004#/?channel=RES_BUY,2025-07-14,17179.354838709674,4.04,-1.41
152,"Gooch Street North, Birmingham","Birmingham, UK",B1,340000.0,2,https://rightmove.co.uk/properties/164458637#/?channel=RES_BUY,2025-07-14,17179.354838709674,5.05,-0.54
153,"Legge Lane, Birmingham, B1","Birmingham, UK",B1,319800.0,2,https://rightmove.co.uk/properties/164418935#/?channel=RES_BUY,2025-07-11,17179.354838709674,5.37,-0.27
154,"Axium, 36 Windmill Street, Birmingham, B1 1FW","Birmingham, UK",B1,272000.0,2,https://rightmove.co.uk/properties/87218793#/?channel=RES_BUY,2025-07-11,17179.354838709674,6.32,0.54
155,"Windmill Street, Birmingham","Birmingham, UK",B1,280000.0,2,https://rightmove.co.uk/properties/161312111#/?channel=RES_BUY,2025-07-10,17179.354838709674,6.14,0.38
156,"New Hampton Lofts, 99 Branston Street, Jewellery Quarter","Birmingham, UK",B1,310000.0,2,https://rightmove.co.uk/properties/162381944#/?channel=RES_BUY,2025-07-08,17179.354838709674,5.54,-0.12
157,"James Street, Birmingham","Birmingham, UK",B1,270950.0,2,https://rightmove.co.uk/properties/143917445#/?channel=RES_BUY,2025-07-08,17179.354838709674,6.34,0.56
158,"Wexler Lofts, 100 Carver Street, Jewellery Quarter","Birmingham, UK",B1,280000.0,2,https://rightmove.co.uk/properties/161166824#/?channel=RES_BUY,2025-07-08,17179.354838709674,6.14,0.38
159,"91 Branston Street, Birmingham","Birmingham, UK",B1,350000.0,2,https://rightmove.co.uk/properties/164281544#/?channel=RES_BUY,2025-07-08,17179.354838709674,4.91,-0.67
160,"Windmill Street, BIRMINGHAM","Birmingham, UK",B1,274990.0,2,https://rightmove.co.uk/properties/160839236#/?channel=RES_BUY,2025-07-07,17179.354838709674,6.25,0.48
161,"Sheepcote Street, Birmingham, B16","Birmingham, UK",B1,255000.0,2,https://rightmove.co.uk/properties/160517564#/?channel=RES_BUY,2025-07-07,17179.354838709674,6.74,0.9
162,"The Axium, Windmill Street, Birmingham, B1","Birmingham, UK",B1,274990.0,2,https://rightmove.co.uk/properties/161202242#/?channel=RES_BUY,2025-07-07,17179.354838709674,6.25,0.48
163,"Bell Barn Road, Birmingham, B15","Birmingham, UK",B1,260000.0,2,https://rightmove.co.uk/properties/162833186#/?channel=RES_BUY,2025-07-04,17179.354838709674,6.61,0.79
164,"The Lightwell, Cornwall Street, Birmingham","Birmingham, UK",B1,450000.0,2,https://rightmove.co.uk/properties/164133656#/?channel=RES_BUY,2025-07-03,17179.354838709674,3.82,-1.6
165,"Camden Street, Birmingham","Birmingham, UK",B1,260000.0,1,https://rightmove.co.uk/properties/164081462#/?channel=RES_BUY,2025-07-02,14106.315789473685,5.43,-0.22
166,"New Hampton Lofts, Jewellery Quarter, Birmingham, B18","Birmingham, UK",B1,315000.0,2,https://rightmove.co.uk/properties/157818209#/?channel=RES_BUY,2025-07-01,17179.354838709674,5.45,-0.2
167,"Lightwell Apartment, 61 Cornwall Street, B3 2EE","Birmingham, UK",B1,320000.0,2,https://rightmove.co.uk/properties/163979669#/?channel=RES_BUY,2025-06-30,17179.354838709674,5.37,-0.27
168,"Camden Village, 81 Camden Street, Jewellery Quarter","Birmingham, UK",B1,250000.0,2,https://rightmove.co.uk/properties/163940411#/?channel=RES_BUY,2025-06-30,17179.354838709674,6.87,1.01
169,"Essex Street, Birmingham, West Midlands, B5","Birmingham, UK",B1,260000.0,2,https://rightmove.co.uk/properties/163814588#/?channel=RES_BUY,2025-06-26,17179.354838709674,6.61,0.79
170,"JQ Rise, Goodman Street, Birmingham","Birmingham, UK",B1,300000.0,2,https://rightmove.co.uk/properties/163768499#/?channel=RES_BUY,2025-06-25,17179.354838709674,5.73,0.03
171,"The Bank Tower II, B16","Birmingham, UK",B1,275000.0,2,https://rightmove.co.uk/properties/163762337#/?channel=RES_BUY,2025-06-25,17179.354838709674,6.25,0.48
172,"House Of York, 29a Charlotte Street, Jewellery Quarter","Birmingham, UK",B1,350000.0,2,https://rightmove.co.uk/properties/161612579#/?channel=RES_BUY,2025-06-24,17179.354838709674,4.91,-0.67
173,"Apartment , Birmingham","Birmingham, UK",B1,275000.0,2,https://rightmove.co.uk/properties/161959055#/?channel=RES_BUY,2025-06-24,17179.354838709674,6.25,0.48
174,"Scholars Gate, Severn Street, Birmingham","Birmingham, UK",B1,410000.0,2,https://rightmove.co.uk/properties/161226410#/?channel=RES_BUY,2025-06-20,17179.354838709674,4.19,-1.28
175,"The Lightwell, 61 Cornwall Street, Birmingham B3 2EE","Birmingham, UK",B1,290000.0,2,https://rightmove.co.uk/properties/160404032#/?channel=RES_BUY,2025-06-20,17179.354838709674,5.92,0.2
176,"Holloway Circus, Birmingham, B1","Birmingham, UK",B1,470000.0,2,https://rightmove.co.uk/properties/163480841#/?channel=RES_BUY,2025-06-18,17179.354838709674,3.66,-1.74
177,"The Cube East, Wharfside Street, Birmingham","Birmingham, UK",B1,280000.0,2,https://rightmove.co.uk/properties/155496884#/?channel=RES_BUY,2024-11-29,17179.354838709674,6.14,0.38
178,"St Michael's Court, Warstone Parade East, Jewellery Quarter","Birmingham, UK",B1,325000.0,2,https://rightmove.co.uk/properties/162327812#/?channel=RES_BUY,2025-06-17,17179.354838709674,5.29,-0.34
179,"Ludgate Lofts Apartments, 17 Ludgate Hill, Jewellery Quarter","Birmingham, UK",B1,299950.0,1,https://rightmove.co.uk/properties/162327401#/?channel=RES_BUY,2025-06-17,14106.315789473685,4.7,-0.84
180,"The Gothic, 4-6 Great Hampton Street, Birmingham, B18","Birmingham, UK",B1,250000.0,2,https://rightmove.co.uk/properties/163268957#/?channel=RES_BUY,2025-06-13,17179.354838709674,6.87,1.01
181,"Waterfront Walk, Birmingham, West Midlands, B1","Birmingham, UK",B1,285000.0,2,https://rightmove.co.uk/properties/163244336#/?channel=RES_BUY,2025-06-12,17179.354838709674,6.03,0.29
182,"Symphony Court, Birmingham","Birmingham, UK",B1,315000.0,2,https://rightmove.co.uk/properties/163172429#/?channel=RES_BUY,2025-06-11,17179.354838709674,5.45,-0.2
183,"Berkley Street, Birmingham, B1","Birmingham, UK",B1,420000.0,2,https://rightmove.co.uk/properties/163166222#/?channel=RES_BUY,2025-06-11,17179.354838709674,4.09,-1.37
184,"Berkley Street, Birmingham, B1","Birmingham, UK",B1,315000.0,1,https://rightmove.co.uk/properties/163166219#/?channel=RES_BUY,2025-06-11,14106.315789473685,4.48,-1.03
185,"New Hampton Lofts, 99 Branston Street, Jewellery Quarter, Birmingham, B18","Birmingham, UK",B1,260000.0,2,https://rightmove.co.uk/properties/151032944#/?channel=RES_BUY,2025-06-11,17179.354838709674,6.61,0.79
186,"Suffolk Street Queensway, Birmingham, B1","Birmingham, UK",B1,250000.0,2,https://rightmove.co.uk/properties/161827415#/?channel=RES_BUY,2025-06-09,17179.354838709674,6.87,1.01
187,"The Quadrant, Birmingham B1","Birmingham, UK",B1,300000.0,2,https://rightmove.co.uk/properties/163051250#/?channel=RES_BUY,2025-06-09,17179.354838709674,5.73,0.03
188,"Waterfront Walk, Birmingham, B1","Birmingham, UK",B1,250000.0,2,https://rightmove.co.uk/properties/162516773#/?channel=RES_BUY,2025-06-06,17179.354838709674,6.87,1.01
189,"Westside One, Suffolk Street, Birmingham","Birmingham, UK",B1,260000.0,2,https://rightmove.co.uk/properties/159484055#/?channel=RES_BUY,2025-06-02,17179.354838709674,6.61,0.79
190,"Viceroy House, Birmingham","Birmingham, UK",B1,395000.0,2,https://rightmove.co.uk/properties/158168174#/?channel=RES_BUY,2025-06-02,17179.354838709674,4.35,-1.14
191,"Viceroy House, 65 Water Street, Jewellery Quarter","Birmingham, UK",B1,395000.0,2,https://rightmove.co.uk/properties/87098988#/?channel=RES_BUY,2025-06-02,17179.354838709674,4.35,-1.14
192,"New Hampton Lofts, 99 Branston Street, B18 6BG","Birmingham, UK",B1,275000.0,2,https://rightmove.co.uk/properties/162649307#/?channel=RES_BUY,2025-05-30,17179.354838709674,6.25,0.48
193,"Waterfront Walk, Birmingham, West Midlands, B1","Birmingham, UK",B1,250000.0,2,https://rightmove.co.uk/properties/158310422#/?channel=RES_BUY,2025-05-30,17179.354838709674,6.87,1.01
194,"West Timberyard, 146 Hurst Street, Birmingham, B5 6RY","Birmingham, UK",B1,288000.0,2,https://rightmove.co.uk/properties/162596468#/?channel=RES_BUY,2025-05-29,17179.354838709674,5.97,0.24
195,"Water Street, Birmingham, B3","Birmingham, UK",B1,395000.0,2,https://rightmove.co.uk/properties/147376760#/?channel=RES_BUY,2025-05-29,17179.354838709674,4.35,-1.14
196,"169 Broad Street, Birmingham, B15 1ED","Birmingham, UK",B1,260000.0,1,https://rightmove.co.uk/properties/154765454#/?channel=RES_BUY,2025-05-28,14106.315789473685,5.43,-0.22
197,"Roosevelt Apartments, 1 Lexington Gardens, Park Central","Birmingham, UK",B15,250000.0,2,https://rightmove.co.uk/properties/164609795#/?channel=RES_BUY,2025-07-16,19138.5,7.66,1.68
198,"Roosevelt Apartments, 1 Lexington Gardens, Birmingham, B15","Birmingham, UK",B15,272000.0,2,https://rightmove.co.uk/properties/164608520#/?channel=RES_BUY,2025-07-16,19138.5,7.04,1.15
199,"Lexington Gardens, Birmingham, B15","Birmingham, UK",B15,258000.0,2,https://rightmove.co.uk/properties/164472014#/?channel=RES_BUY,2025-07-14,19138.5,7.42,1.48
200,"Lexington Gardens, Edgbaston, Birmingham, B15","Birmingham, UK",B15,275000.0,2,https://rightmove.co.uk/properties/164410373#/?channel=RES_BUY,2025-07-11,19138.5,6.96,1.09
201,"Lexington Gardens, Birmingham","Birmingham, UK",B15,255000.0,2,https://rightmove.co.uk/properties/164405969#/?channel=RES_BUY,2025-07-11,19138.5,7.51,1.55
202,"Woodbourne, Augustus Road, Birmingham","Birmingham, UK",B15,317500.0,2,https://rightmove.co.uk/properties/164062316#/?channel=RES_BUY,2025-07-08,19138.5,6.03,0.29
203,"Augustus Road, Edgbaston, Birmingham","Birmingham, UK",B15,295000.0,2,https://rightmove.co.uk/properties/164102525#/?channel=RES_BUY,2025-07-03,19138.5,6.49,0.68
204,"Lime Court , 208 Hagley Road, B16 9PQ","Birmingham, UK",B15,260000.0,2,https://rightmove.co.uk/properties/163968944#/?channel=RES_BUY,2025-06-30,19138.5,7.36,1.43
205,"Charlotte Road, Edgbaston, Birmingham, B15","Birmingham, UK",B15,299950.0,2,https://rightmove.co.uk/properties/162566114#/?channel=RES_BUY,2025-06-27,19138.5,6.38,0.59
206,"Broad Street, Birmingham","Birmingham, UK",B15,270000.0,1,https://rightmove.co.uk/properties/149104559#/?channel=RES_BUY,2024-06-13,15442.5,5.72,0.03
207,"Ferndale House, 66a Harborne Road, Birmingham","Birmingham, UK",B15,475000.0,2,https://rightmove.co.uk/properties/163207133#/?channel=RES_BUY,2025-06-12,19138.5,4.03,-1.42
208,"Highfield Road, Edgbaston","Birmingham, UK",B15,250000.0,2,https://rightmove.co.uk/properties/157684295#/?channel=RES_BUY,2025-06-05,19138.5,7.66,1.68
209,"The Willows, 110 Edgbaston Road, Edgbaston","Birmingham, UK",B15,285000.0,2,https://rightmove.co.uk/properties/156078368#/?channel=RES_BUY,2025-05-30,19138.5,6.72,0.88
210,"Waterfront Walk, Birmingham, B1","Birmingham, UK",B15,325000.0,2,https://rightmove.co.uk/properties/162834047#/?channel=RES_BUY,2025-05-23,19138.5,5.89,0.17
211,"Lexington Gardens, Birmingham, West Midlands, B15","Birmingham, UK",B15,250000.0,2,https://rightmove.co.uk/properties/162833765#/?channel=RES_BUY,2025-05-21,19138.5,7.66,1.68
212,"Windmill Street, Birmingham, West Midlands, B1","Birmingham, UK",B15,250000.0,2,https://rightmove.co.uk/properties/160664264#/?channel=RES_BUY,2025-05-21,19138.5,7.66,1.68
213,"Axium, Windmill Street, Birmingham, B1 1GB","Birmingham, UK",B15,285000.0,2,https://rightmove.co.uk/properties/162207608#/?channel=RES_BUY,2025-05-20,19138.5,6.72,0.88
214,"Scholars Gate, 80 Severn Street, Birmingham, B1","Birmingham, UK",B15,375000.0,2,https://rightmove.co.uk/properties/162834209#/?channel=RES_BUY,2025-05-20,19138.5,5.1,-0.5
215,"JQ Rise, 1 Goodman Street, Birmingham, UK","Birmingham, UK",B15,280000.0,2,https://rightmove.co.uk/properties/155785400#/?channel=RES_BUY,2025-05-19,19138.5,6.84,0.98
216,"Symphony Court, Sheepcote Street, Birmingham","Birmingham, UK",B15,305000.0,2,https://rightmove.co.uk/properties/161993336#/?channel=RES_BUY,2025-05-15,19138.5,6.27,0.5
217,"Norfolk Road, Edgbaston, Birmingham","Birmingham, UK",B15,294000.0,2,https://rightmove.co.uk/properties/160943639#/?channel=RES_BUY,2025-05-15,19138.5,6.51,0.7
218,"Crofters Court, Harrisons Road, Edgbaston, B15 3QR","Birmingham, UK",B15,260000.0,2,https://rightmove.co.uk/properties/162903917#/?channel=RES_BUY,2025-05-14,19138.5,7.36,1.43
219,"Henry Street, Manchester","Manchester, UK",M1,340000.0,2,https://rightmove.co.uk/properties/164699222#/?channel=RES_BUY,2025-05-24,20388.70588235294,6.0,0.26
220,"Vesta Street, Manchester, M4","Manchester, UK",M1,335000.0,2,https://rightmove.co.uk/properties/164727680#/?channel=RES_BUY,2025-07-19,20388.70588235294,6.09,0.34
221,"Silvercroft Street, Manchester, Greater Manchester, M15","Manchester, UK",M1,332000.0,1,https://rightmove.co.uk/properties/164452265#/?channel=RES_BUY,2025-07-18,15426.75,4.65,-0.89
222,"Chester Road, Manchester, Greater Manchester, M15","Manchester, UK",M1,313918.0,1,https://rightmove.co.uk/properties/164650004#/?channel=RES_BUY,2025-07-18,15426.75,4.91,-0.66
223,"Murrays' Mill, Ancoats","Manchester, UK",M1,410000.0,2,https://rightmove.co.uk/properties/164691233#/?channel=RES_BUY,2025-07-18,20388.70588235294,4.97,-0.61
224,"51 Whitworth Street West, Manchester, M1","Manchester, UK",M1,260000.0,2,https://rightmove.co.uk/properties/164688785#/?channel=RES_BUY,2025-07-18,20388.70588235294,7.84,1.84
225,Buy to Let Manchester Flat,"Manchester, UK",M1,349950.0,2,https://rightmove.co.uk/properties/164727317#/?channel=RES_BUY,2025-07-18,20388.70588235294,5.83,0.12
226,"Newton Street, Manchester, M1","Manchester, UK",M1,325000.0,2,https://rightmove.co.uk/properties/164674367#/?channel=RES_BUY,2025-07-18,20388.70588235294,6.27,0.5
227,"Owen Street, Manchester, M15","Manchester, UK",M1,425000.0,2,https://rightmove.co.uk/properties/164024024#/?channel=RES_BUY,2025-07-18,20388.70588235294,4.8,-0.76
228,"Leftbank, Manchester, Greater Manchester, M3","Manchester, UK",M1,349950.0,2,https://rightmove.co.uk/properties/162981917#/?channel=RES_BUY,2025-07-18,20388.70588235294,5.83,0.12
229,"South Tower, Deansgate Square, 9 Owen Street, Manchester, M15","Manchester, UK",M1,330000.0,1,https://rightmove.co.uk/properties/162926240#/?channel=RES_BUY,2025-07-17,15426.75,4.67,-0.87
230,"East Tower, M15","Manchester, UK",M1,400000.0,2,https://rightmove.co.uk/properties/164644688#/?channel=RES_BUY,2025-07-17,20388.70588235294,5.1,-0.5
231,"Victoria Residence, M15","Manchester, UK",M1,340000.0,2,https://rightmove.co.uk/properties/161425139#/?channel=RES_BUY,2025-07-17,20388.70588235294,6.0,0.26
232,"Oxygen Tower, 50 Store Street, Manchester, M1","Manchester, UK",M1,290000.0,2,https://rightmove.co.uk/properties/164640182#/?channel=RES_BUY,2025-07-17,20388.70588235294,7.03,1.15
233,"Great Ancoats Street, Manchetser, M4 6DH","Manchester, UK",M1,300000.0,2,https://rightmove.co.uk/properties/164639783#/?channel=RES_BUY,2025-07-17,20388.70588235294,6.8,0.95
234,"The Blade, M15","Manchester, UK",M1,380000.0,2,https://rightmove.co.uk/properties/160832660#/?channel=RES_BUY,2025-07-17,20388.70588235294,5.37,-0.28
235,"One Smithfield, Northern Quarter, Manchester","Manchester, UK",M1,280000.0,2,https://rightmove.co.uk/properties/164631269#/?channel=RES_BUY,2025-07-17,20388.70588235294,7.28,1.36
236,"Deansgate Square, 9 Owen Street, Manchester, Greater Manchester, M15","Manchester, UK",M1,520000.0,2,https://rightmove.co.uk/properties/164630660#/?channel=RES_BUY,2025-07-17,20388.70588235294,3.92,-1.51
237,"Dale Street, Manchester, Greater Manchester, M1","Manchester, UK",M1,550000.0,2,https://rightmove.co.uk/properties/164621192#/?channel=RES_BUY,2025-07-17,20388.70588235294,3.71,-1.69
238,"Clowes Street, Salford","Manchester, UK",M1,519000.0,2,https://rightmove.co.uk/properties/164597324#/?channel=RES_BUY,2025-07-16,20388.70588235294,3.93,-1.5
239,"Leftbank, Manchester","Manchester, UK",M1,350000.0,2,https://rightmove.co.uk/properties/164597684#/?channel=RES_BUY,2025-07-16,20388.70588235294,5.83,0.12
240,"Clowes Street, Salford","Manchester, UK",M1,560000.0,2,https://rightmove.co.uk/properties/164596979#/?channel=RES_BUY,2025-07-16,20388.70588235294,3.64,-1.75
241,"Lower Byrom Street, Manchester","Manchester, UK",M1,250000.0,2,https://rightmove.co.uk/properties/164455298#/?channel=RES_BUY,2025-07-16,20388.70588235294,8.16,2.11
242,"Whitworth Street West, Manchester","Manchester, UK",M1,350000.0,2,https://rightmove.co.uk/properties/164455268#/?channel=RES_BUY,2025-07-16,20388.70588235294,5.83,0.12
243,"Dearmans Place, Salford","Manchester, UK",M1,265000.0,2,https://rightmove.co.uk/properties/164455346#/?channel=RES_BUY,2025-07-16,20388.70588235294,7.69,1.72
244,"Great Bridgewater Street, Manchester, M1","Manchester, UK",M1,460000.0,2,https://rightmove.co.uk/properties/163209329#/?channel=RES_BUY,2025-06-12,20388.70588235294,4.43,-1.07
245,"Elizabeth Tower, 141 Chester Road, Manchester, M15","Manchester, UK",M1,379000.0,2,https://rightmove.co.uk/properties/164593001#/?channel=RES_BUY,2025-07-16,20388.70588235294,5.38,-0.26
246,"Apartment , Lockes Yard,  Great Marlborough Street, Manchester","Manchester, UK",M1,270000.0,2,https://rightmove.co.uk/properties/164496416#/?channel=RES_BUY,2025-07-16,20388.70588235294,7.55,1.59
247,"18th Floor, Oxygen Tower, Store Street, Manchester, Greater Manchester, M1","Manchester, UK",M1,320000.0,2,https://rightmove.co.uk/properties/158686595#/?channel=RES_BUY,2025-07-16,20388.70588235294,6.37,0.59
248,"Affinity Living Riverview, 29 New Bailey Street, Salford, M3","Manchester, UK",M1,343000.0,2,https://rightmove.co.uk/properties/163869641#/?channel=RES_BUY,2025-07-16,20388.70588235294,5.94,0.22
249,"East Tower, M15","Manchester, UK",M1,250000.0,1,https://rightmove.co.uk/properties/164567363#/?channel=RES_BUY,2025-07-16,15426.75,6.17,0.41
250,"Silvercroft Street, Manchester, Greater Manchester, M15","Manchester, UK",M1,295000.0,1,https://rightmove.co.uk/properties/164539169#/?channel=RES_BUY,2025-07-15,15426.75,5.23,-0.39
251,"Silvercroft Street, Manchester, Greater Manchester, M15","Manchester, UK",M1,310000.0,1,https://rightmove.co.uk/properties/164534738#/?channel=RES_BUY,2025-07-15,15426.75,4.98,-0.61
252,"Cotton Street, Manchester, M4","Manchester, UK",M1,260000.0,1,https://rightmove.co.uk/properties/164530286#/?channel=RES_BUY,2025-07-15,15426.75,5.93,0.21
253,"Whitworth Street West, Manchester, Greater Manchester, M1","Manchester, UK",M1,280000.0,2,https://rightmove.co.uk/properties/164528597#/?channel=RES_BUY,2025-07-15,20388.70588235294,7.28,1.36
254,"Piccadilly Place, Manchester","Manchester, UK",M1,255000.0,2,https://rightmove.co.uk/properties/156439628#/?channel=RES_BUY,2025-07-15,20388.70588235294,8.0,1.97
255,"South Tower,, 9 Owen Street, Manchester, M15","Manchester, UK",M1,380000.0,2,https://rightmove.co.uk/properties/150474572#/?channel=RES_BUY,2025-07-15,20388.70588235294,5.37,-0.28
256,"29 New Bailey Street, Salford","Manchester, UK",M1,259000.0,1,https://rightmove.co.uk/properties/161284145#/?channel=RES_BUY,2025-07-14,15426.75,5.96,0.23
257,"Elizabeth Tower, Chester Road","Manchester, UK",M1,299950.0,1,https://rightmove.co.uk/properties/151519730#/?channel=RES_BUY,2025-07-14,15426.75,5.14,-0.47
258,"Chester Road, Manchester, Greater Manchester, M15","Manchester, UK",M1,407946.0,2,https://rightmove.co.uk/properties/164488655#/?channel=RES_BUY,2025-07-14,20388.70588235294,5.0,-0.59
259,"Chester Road, Manchester, Greater Manchester, M15","Manchester, UK",M1,377116.0,2,https://rightmove.co.uk/properties/164487347#/?channel=RES_BUY,2025-07-14,20388.70588235294,5.41,-0.24
260,"Silvercroft Street, Manchester, Greater Manchester, M15","Manchester, UK",M1,358178.0,2,https://rightmove.co.uk/properties/155188889#/?channel=RES_BUY,2025-07-14,20388.70588235294,5.69,0.0
261,"James Brindley Basin, Manchester, M1","Manchester, UK",M1,280000.0,2,https://rightmove.co.uk/properties/164487647#/?channel=RES_BUY,2025-07-14,20388.70588235294,7.28,1.36
262,"Blade Tower, 15 Silvercroft Street, MANCHESTER","Manchester, UK",M1,275000.0,1,https://rightmove.co.uk/properties/163797197#/?channel=RES_BUY,2025-07-14,15426.75,5.61,-0.07
263,"Mansion House, New Islington","Manchester, UK",M1,350000.0,2,https://rightmove.co.uk/properties/164459894#/?channel=RES_BUY,2025-07-14,20388.70588235294,5.83,0.12
264,"Canal Wharf House, Castlefield","Manchester, UK",M1,265000.0,1,https://rightmove.co.uk/properties/157721594#/?channel=RES_BUY,2025-07-14,15426.75,5.82,0.11
265,"2 Munday Street, Manchester","Manchester, UK",M1,275000.0,2,https://rightmove.co.uk/properties/163695038#/?channel=RES_BUY,2025-07-12,20388.70588235294,7.41,1.48
266,"15 Silvercroft Street, Manchester, M15","Manchester, UK",M1,272000.0,1,https://rightmove.co.uk/properties/160744205#/?channel=RES_BUY,2025-07-11,15426.75,5.67,-0.01
267,"Deansgate Square, South Tower Owen Street M15","Manchester, UK",M1,460000.0,2,https://rightmove.co.uk/properties/157823891#/?channel=RES_BUY,2025-07-11,20388.70588235294,4.43,-1.07
268,"Mount Yard, 2 Old Mount Street M4","Manchester, UK",M4,325000.0,2,https://rightmove.co.uk/properties/164160848#/?channel=RES_BUY,2025-07-04,19392.0,5.97,0.24
269,"Owen Street, Manchester, Greater Manchester, M15","Manchester, UK",M1,320000.0,1,https://rightmove.co.uk/properties/164414522#/?channel=RES_BUY,2025-07-11,15426.75,4.82,-0.74
270,"42-44 Sackville Street, Manchester, Greater Manchester, M1","Manchester, UK",M4,285000.0,1,https://rightmove.co.uk/properties/163734809#/?channel=RES_BUY,2025-06-24,14300.0,5.02,-0.57
271,"Embankment Exchange, 96 Greengate, Manchester, United Kingdom, M3","Manchester, UK",M4,310000.0,2,https://rightmove.co.uk/properties/164725640#/?channel=RES_BUY,2025-07-19,19392.0,6.26,0.49
272,"Hallmark Tower, 6 Cheetham Hill Road, Manchester, M4","Manchester, UK",M4,295000.0,2,https://rightmove.co.uk/properties/162992066#/?channel=RES_BUY,2025-07-17,19392.0,6.57,0.76
273,"The Penthouse, The Hallmark, Green Quarter, M4","Manchester, UK",M4,425000.0,2,https://rightmove.co.uk/properties/164608658#/?channel=RES_BUY,2025-07-16,19392.0,4.56,-0.96
274,"Cypress Place, Green Quarter, Manchester, M4","Manchester, UK",M4,260000.0,2,https://rightmove.co.uk/properties/162525260#/?channel=RES_BUY,2025-07-16,19392.0,7.46,1.51
275,"Blackfriars, 56 Bury Street, Salford, M3","Manchester, UK",M4,265000.0,2,https://rightmove.co.uk/properties/163709462#/?channel=RES_BUY,2025-07-14,19392.0,7.32,1.39
276,"Jefferson Place, 1 Fernie Street, Green Quarter, Manchester","Manchester, UK",M4,250000.0,2,https://rightmove.co.uk/properties/163734632#/?channel=RES_BUY,2025-07-13,19392.0,7.76,1.77
277,"Oxygen Tower, 50 Store Street, Manchester, Greater Manchester, M1","Manchester, UK",M4,275000.0,2,https://rightmove.co.uk/properties/164405603#/?channel=RES_BUY,2025-07-11,19392.0,7.05,1.17
278,"Murrays' Mills, Bengal Street, Manchester, M4 6LS","Manchester, UK",M4,425000.0,2,https://rightmove.co.uk/properties/164404694#/?channel=RES_BUY,2025-07-11,19392.0,4.56,-0.96
279,"New Century Park, Manchester, M4","Manchester, UK",M4,250000.0,2,https://rightmove.co.uk/properties/164404559#/?channel=RES_BUY,2025-07-11,19392.0,7.76,1.77
280,"Aspin Lane, Manchester, Greater Manchester","Manchester, UK",M4,355000.0,2,https://rightmove.co.uk/properties/164393501#/?channel=RES_BUY,2025-07-11,19392.0,5.46,-0.19
281,"50 Bengal Street, Manchester, M4","Manchester, UK",M4,270000.0,1,https://rightmove.co.uk/properties/157063976#/?channel=RES_BUY,2025-07-11,14300.0,5.3,-0.33
282,"Flat , Crusader Mill, Chapeltown Street","Manchester, UK",M4,340000.0,2,https://rightmove.co.uk/properties/87189444#/?channel=RES_BUY,2025-07-10,19392.0,5.7,0.01
283,"8 Lower Vickers Street, Manchester, M40","Manchester, UK",M4,260000.0,2,https://rightmove.co.uk/properties/158771027#/?channel=RES_BUY,2025-07-10,19392.0,7.46,1.51
284,"The Edge, Clowes Street","Manchester, UK",M4,750000.0,2,https://rightmove.co.uk/properties/155268572#/?channel=RES_BUY,2025-07-10,19392.0,2.59,-2.65
285,"Derwent Street, Manchester, Greater Manchester, M4","Manchester, UK",M4,300000.0,2,https://rightmove.co.uk/properties/164350841#/?channel=RES_BUY,2025-07-09,19392.0,6.46,0.66
286,"New Little Mill, Ancoats","Manchester, UK",M4,375000.0,2,https://rightmove.co.uk/properties/162234407#/?channel=RES_BUY,2025-07-09,19392.0,5.17,-0.44
287,"Murrays Mills, Ancoats","Manchester, UK",M4,390000.0,2,https://rightmove.co.uk/properties/164339675#/?channel=RES_BUY,2025-07-09,19392.0,4.97,-0.61
288,"Printing Press House, Street, Manchester","Manchester, UK",M4,250000.0,1,https://rightmove.co.uk/properties/164337632#/?channel=RES_BUY,2025-07-09,14300.0,5.72,0.03
289,"Murrays Mills, Ancoats, Manchester, M4","Manchester, UK",M4,370000.0,2,https://rightmove.co.uk/properties/162614798#/?channel=RES_BUY,2025-07-08,19392.0,5.24,-0.38
290,"Transmission House, Tibb Street, Manchester, M4 1AG","Manchester, UK",M4,290000.0,2,https://rightmove.co.uk/properties/164313044#/?channel=RES_BUY,2025-07-08,19392.0,6.69,0.85
291,"Thomas Telford Basin, Manchester, Greater Manchester, M1","Manchester, UK",M4,280000.0,2,https://rightmove.co.uk/properties/164312996#/?channel=RES_BUY,2025-07-08,19392.0,6.93,1.06
292,"Number 1 Deansgate, Manchester, Greater Manchester, M3","Manchester, UK",M4,395000.0,2,https://rightmove.co.uk/properties/157694369#/?channel=RES_BUY,2025-07-08,19392.0,4.91,-0.66
293,"Flat 17, Printing Press House, School Street","Manchester, UK",M4,290000.0,2,https://rightmove.co.uk/properties/162331847#/?channel=RES_BUY,2025-07-08,19392.0,6.69,0.85
294,"Hallmark Tower, 6 Cheetham Hill Road, Manchester, Greater Manchester, M4","Manchester, UK",M4,280000.0,2,https://rightmove.co.uk/properties/164303747#/?channel=RES_BUY,2025-07-08,19392.0,6.93,1.06
295,"Bankside Boulevard, Salford, Manchester, M3","Manchester, UK",M4,425000.0,2,https://rightmove.co.uk/properties/163470404#/?channel=RES_BUY,2025-07-08,19392.0,4.56,-0.96
296,"Oxid House, Newton Street, Manchester","Manchester, UK",M4,280000.0,2,https://rightmove.co.uk/properties/164238824#/?channel=RES_BUY,2025-07-07,19392.0,6.93,1.06
297,"The Edge, Clowes Street, Salford Riverside","Manchester, UK",M4,320000.0,2,https://rightmove.co.uk/properties/164231147#/?channel=RES_BUY,2025-07-07,19392.0,6.06,0.32
298,Fully Managed Manchester Buy to Let,"Manchester, UK",M4,349950.0,2,https://rightmove.co.uk/properties/164214740#/?channel=RES_BUY,2025-07-05,19392.0,5.54,-0.12
299,"Ancoats Gardens, 30 Bendix Street, Ancoats, Manchester, M4","Manchester, UK",M4,325000.0,2,https://rightmove.co.uk/properties/164166329#/?channel=RES_BUY,2025-07-04,19392.0,5.97,0.24
300,"7 Munday Street, Manchester, M4","Manchester, UK",M4,300000.0,2,https://rightmove.co.uk/properties/164149946#/?channel=RES_BUY,2025-07-04,19392.0,6.46,0.66
301,"Murrays Mills, Ancoats","Manchester, UK",M4,410000.0,2,https://rightmove.co.uk/properties/159061247#/?channel=RES_BUY,2025-07-03,19392.0,4.73,-0.82
302,"Palatine Road, West Didsbury, M20","Manchester, UK",M14,300000.0,2,https://rightmove.co.uk/properties/163305254#/?channel=RES_BUY,2025-07-08,14988.0,5.0,-0.59
303,"Boundary Lane, Manchester, M15","Manchester, UK",M14,280000.0,2,https://rightmove.co.uk/properties/163276607#/?channel=RES_BUY,2025-06-13,14988.0,5.35,-0.29
304,"Boundary Lane, Manchester, Greater Manchester, M15","Manchester, UK",M14,320000.0,2,https://rightmove.co.uk/properties/163079492#/?channel=RES_BUY,2025-06-10,14988.0,4.68,-0.86
305,"Boundary Lane, Manchester, Greater Manchester, M15","Manchester, UK",M14,270000.0,2,https://rightmove.co.uk/properties/160650659#/?channel=RES_BUY,2025-04-14,14988.0,5.55,-0.12
306,"Conyngham Road, Victoria Park","Manchester, UK",M14,349950.0,2,https://rightmove.co.uk/properties/150624482#/?channel=RES_BUY,2024-11-18,14988.0,4.28,-1.2
307,"The Summit, Liverpool Baltic Triangle","Liverpool, UK",L1,290000.0,2,https://rightmove.co.uk/properties/87179535#/?channel=RES_BUY,2025-03-08,14575.714285714286,5.03,-0.57
308,"The Summit, Liverpool Baltic Triangle","Liverpool, UK",L1,289950.0,2,https://rightmove.co.uk/properties/164724413#/?channel=RES_BUY,2025-07-19,14575.714285714286,5.03,-0.56
309,"Mann Island, Liverpool","Liverpool, UK",L1,295000.0,2,https://rightmove.co.uk/properties/164518199#/?channel=RES_BUY,2025-07-15,14575.714285714286,4.94,-0.64
310,"The Summit, Liverpool Baltic Triangle","Liverpool, UK",L1,259950.0,2,https://rightmove.co.uk/properties/164500778#/?channel=RES_BUY,2025-07-12,14575.714285714286,5.61,-0.07
311,"Liverpool Investment Flat, Business District","Liverpool, UK",L1,279950.0,2,https://rightmove.co.uk/properties/164676989#/?channel=RES_BUY,2025-07-12,14575.714285714286,5.21,-0.41
312,"The Summit, Liverpool Baltic Triangle","Liverpool, UK",L1,275000.0,2,https://rightmove.co.uk/properties/164347613#/?channel=RES_BUY,2025-07-09,14575.714285714286,5.3,-0.33
313,"South Quay, Wapping Quay, Liverpool.","Liverpool, UK",L1,325000.0,2,https://rightmove.co.uk/properties/164304809#/?channel=RES_BUY,2025-07-08,14575.714285714286,4.48,-1.03
314,"The Colonnades, Albert Dock, City Centre","Liverpool, UK",L1,300000.0,2,https://rightmove.co.uk/properties/164187872#/?channel=RES_BUY,2025-07-04,14575.714285714286,4.86,-0.71
315,"Abbey Building, Liverpool","Liverpool, UK",L1,250000.0,2,https://rightmove.co.uk/properties/164185382#/?channel=RES_BUY,2025-07-04,14575.714285714286,5.83,0.12
316,"The Summit, Liverpool Baltic Triangle","Liverpool, UK",L1,250000.0,2,https://rightmove.co.uk/properties/164163536#/?channel=RES_BUY,2025-07-04,14575.714285714286,5.83,0.12
317,"The Colonnades, Liverpool, Merseyside, L3","Liverpool, UK",L1,425000.0,2,https://rightmove.co.uk/properties/162578141#/?channel=RES_BUY,2025-07-03,14575.714285714286,3.43,-1.93
318,"The Prestige, Liverpool City Centre","Liverpool, UK",L1,280000.0,2,https://rightmove.co.uk/properties/163921244#/?channel=RES_BUY,2025-06-28,14575.714285714286,5.21,-0.41
319,"The Prestige, Liverpool City Centre","Liverpool, UK",L1,250000.0,2,https://rightmove.co.uk/properties/163921226#/?channel=RES_BUY,2025-06-28,14575.714285714286,5.83,0.12
320,"The Prestige, Liverpool City Centre","Liverpool, UK",L1,275000.0,2,https://rightmove.co.uk/properties/163821785#/?channel=RES_BUY,2025-06-26,14575.714285714286,5.3,-0.33
321,"Wapping Quay, Liverpool, Merseyside, L3","Liverpool, UK",L1,270000.0,1,https://rightmove.co.uk/properties/139612190#/?channel=RES_BUY,2025-06-25,10971.0,4.06,-1.39
322,Liverpool City Centre Flat,"Liverpool, UK",L1,269950.0,2,https://rightmove.co.uk/properties/164724128#/?channel=RES_BUY,2025-06-25,14575.714285714286,5.4,-0.25
323,"Kenyon Steps, Liverpool, L1","Liverpool, UK",L1,260000.0,2,https://rightmove.co.uk/properties/163742585#/?channel=RES_BUY,2025-06-24,14575.714285714286,5.61,-0.07
324,"Water Street, Liverpool","Liverpool, UK",L1,280000.0,2,https://rightmove.co.uk/properties/159971768#/?channel=RES_BUY,2025-06-20,14575.714285714286,5.21,-0.41
325,"The Summit, Liverpool Baltic Triangle","Liverpool, UK",L1,280000.0,2,https://rightmove.co.uk/properties/164677316#/?channel=RES_BUY,2025-06-10,14575.714285714286,5.21,-0.41
326,Liverpool City Centre Investment,"Liverpool, UK",L1,299950.0,2,https://rightmove.co.uk/properties/163103093#/?channel=RES_BUY,2025-06-06,14575.714285714286,4.86,-0.71
327,"The Prestige, Liverpool City Centre","Liverpool, UK",L1,269950.0,2,https://rightmove.co.uk/properties/162772958#/?channel=RES_BUY,2025-06-03,14575.714285714286,5.4,-0.25
328,"Tower Building, Water Street, Liverpool","Liverpool, UK",L1,265000.0,2,https://rightmove.co.uk/properties/155848838#/?channel=RES_BUY,2025-06-02,14575.714285714286,5.5,-0.16
329,"Monarchs Quay, Liverpool, Merseyside, L3","Liverpool, UK",L1,298375.0,2,https://rightmove.co.uk/properties/162527096#/?channel=RES_BUY,2025-05-28,14575.714285714286,4.89,-0.69
330,"Dockside Residences, Liverpool, Merseyside, L3","Liverpool, UK",L1,298375.0,2,https://rightmove.co.uk/properties/162527939#/?channel=RES_BUY,2025-05-28,14575.714285714286,4.89,-0.69
331,"Dockside REsidences, Liverpool, Merseyside, L3","Liverpool, UK",L1,298375.0,2,https://rightmove.co.uk/properties/162528323#/?channel=RES_BUY,2025-05-28,14575.714285714286,4.89,-0.69
332,"Strand Street, Liverpool, Merseyside, L1","Liverpool, UK",L1,250000.0,2,https://rightmove.co.uk/properties/162432776#/?channel=RES_BUY,2025-05-26,14575.714285714286,5.83,0.12
333,"Crump Street, Liverpool, Merseyside, L1","Liverpool, UK",L1,260000.0,2,https://rightmove.co.uk/properties/159565961#/?channel=RES_BUY,2025-05-22,14575.714285714286,5.61,-0.07
334,"Monarchs Quay, Liverpool, Merseyside, L3","Liverpool, UK",L1,253167.0,1,https://rightmove.co.uk/properties/162290738#/?channel=RES_BUY,2025-05-22,10971.0,4.33,-1.16
335,"Monarchs Quay, Liverpool, Merseyside, L3","Liverpool, UK",L1,253167.0,1,https://rightmove.co.uk/properties/162525788#/?channel=RES_BUY,2025-05-22,10971.0,4.33,-1.16
336,"Monarchs Quay, Liverpool, Merseyside, L3","Liverpool, UK",L1,253167.0,1,https://rightmove.co.uk/properties/162291671#/?channel=RES_BUY,2025-05-22,10971.0,4.33,-1.16
337,"The Colonnades, Liverpool, L3","Liverpool, UK",L1,290000.0,1,https://rightmove.co.uk/properties/162182861#/?channel=RES_BUY,2025-05-20,10971.0,3.78,-1.63
338,"Fenwick Street, Liverpool, Merseyside, L2","Liverpool, UK",L1,285000.0,2,https://rightmove.co.uk/properties/160414670#/?channel=RES_BUY,2025-05-06,14575.714285714286,5.11,-0.49
339,"Mann Island, LIVERPOOL, Merseyside, L3","Liverpool, UK",L1,295000.0,2,https://rightmove.co.uk/properties/144304058#/?channel=RES_BUY,2025-04-24,14575.714285714286,4.94,-0.64
340,"Monarchs Quay, Liverpool, Merseyside, L3","Liverpool, UK",L1,253167.0,1,https://rightmove.co.uk/properties/160951796#/?channel=RES_BUY,2025-04-22,10971.0,4.33,-1.16
341,"Monarchs Quay, Liverpool, Merseyside, L3","Liverpool, UK",L1,253167.0,1,https://rightmove.co.uk/properties/162259127#/?channel=RES_BUY,2025-04-22,10971.0,4.33,-1.16
342,"Monarchs Quay, Liverpool, Merseyside, L3","Liverpool, UK",L1,253167.0,1,https://rightmove.co.uk/properties/162255473#/?channel=RES_BUY,2025-04-22,10971.0,4.33,-1.16
343,"The Colonnades, Liverpool, L3","Liverpool, UK",L1,450000.0,2,https://rightmove.co.uk/properties/160571624#/?channel=RES_BUY,2025-04-11,14575.714285714286,3.24,-2.09
344,"Albert Dock, Liverpool","Liverpool, UK",L1,290000.0,1,https://rightmove.co.uk/properties/160421852#/?channel=RES_BUY,2025-04-08,10971.0,3.78,-1.63
345,"One Baltic Square, Liverpool, L8 5","Liverpool, UK",L1,260000.0,2,https://rightmove.co.uk/properties/160205258#/?channel=RES_BUY,2025-04-03,14575.714285714286,5.61,-0.07
346,"Crump Street, LIVERPOOL","Liverpool, UK",L1,250000.0,2,https://rightmove.co.uk/properties/160058618#/?channel=RES_BUY,2025-03-31,14575.714285714286,5.83,0.12
347,"The Colonnades, Albert Dock, Liverpool, Merseyside, L3","Liverpool, UK",L1,250000.0,1,https://rightmove.co.uk/properties/159770711#/?channel=RES_BUY,2025-03-25,10971.0,4.39,-1.11
348,Liverpool City Centre Investment,"Liverpool, UK",L1,250000.0,2,https://rightmove.co.uk/properties/163921772#/?channel=RES_BUY,2025-03-24,14575.714285714286,5.83,0.12
349,"Wapping Quay, Liverpool, Merseyside, L3","Liverpool, UK",L1,280000.0,2,https://rightmove.co.uk/properties/153175931#/?channel=RES_BUY,2025-03-21,14575.714285714286,5.21,-0.41
350,"Orleans House, 19 Edmund Street, Liverpool, Merseyside, L3","Liverpool, UK",L1,289950.0,2,https://rightmove.co.uk/properties/159315977#/?channel=RES_BUY,2025-03-12,14575.714285714286,5.03,-0.56
351,"The Prestige, Liverpool City Centre","Liverpool, UK",L1,279950.0,2,https://rightmove.co.uk/properties/163897997#/?channel=RES_BUY,2025-03-06,14575.714285714286,5.21,-0.41
352,"L1 Boutique, Liverpool City Centre","Liverpool, UK",L1,250000.0,2,https://rightmove.co.uk/properties/163823072#/?channel=RES_BUY,2025-02-28,14575.714285714286,5.83,0.12
353,"The Summit, Liverpool Baltic Triangle","Liverpool, UK",L1,260000.0,2,https://rightmove.co.uk/properties/164051201#/?channel=RES_BUY,2025-02-28,14575.714285714286,5.61,-0.07
354,"The Summit, Liverpool Baltic Triangle","Liverpool, UK",L1,270000.0,2,https://rightmove.co.uk/properties/163666388#/?channel=RES_BUY,2025-02-19,14575.714285714286,5.4,-0.25
355,"Seymour Street, Liverpool, Merseyside, L3","Liverpool, UK",L7,290000.0,2,https://rightmove.co.uk/properties/156393617#/?channel=RES_BUY,2025-01-02,10333.0,3.56,-1.82
356,"Seymour Street, Liverpool, Merseyside, L3","Liverpool, UK",L7,285000.0,2,https://rightmove.co.uk/properties/156793514#/?channel=RES_BUY,2025-01-02,10333.0,3.63,-1.76
357,"Seymour Street, Liverpool, Merseyside, L3","Liverpool, UK",L7,260000.0,2,https://rightmove.co.uk/properties/155826491#/?channel=RES_BUY,2024-12-25,10333.0,3.97,-1.46
358,"Seymour Street, Liverpool, Merseyside, L3","Liverpool, UK",L7,281000.0,2,https://rightmove.co.uk/properties/155827538#/?channel=RES_BUY,2024-12-25,10333.0,3.68,-1.72
359,"Seymour Street, Liverpool, Merseyside, L3","Liverpool, UK",L7,281000.0,2,https://rightmove.co.uk/properties/155963426#/?channel=RES_BUY,2024-12-25,10333.0,3.68,-1.72
360,"Seymour Street, Liverpool, Merseyside, L3","Liverpool, UK",L7,281000.0,2,https://rightmove.co.uk/properties/155963720#/?channel=RES_BUY,2024-12-25,10333.0,3.68,-1.72
361,"Seymour Street, Liverpool, Merseyside, L3","Liverpool, UK",L7,276000.0,2,https://rightmove.co.uk/properties/155963951#/?channel=RES_BUY,2024-12-25,10333.0,3.74,-1.66
362,"Seymour Street, Liverpool, Merseyside, L3","Liverpool, UK",L7,281000.0,2,https://rightmove.co.uk/properties/156044114#/?channel=RES_BUY,2024-12-25,10333.0,3.68,-1.72
363,"Seymour Street, Liverpool, Merseyside, L3","Liverpool, UK",L7,281000.0,2,https://rightmove.co.uk/properties/156045104#/?channel=RES_BUY,2024-12-25,10333.0,3.68,-1.72
364,"Seymour Street, Liverpool, Merseyside, L3","Liverpool, UK",L7,283000.0,2,https://rightmove.co.uk/properties/155827022#/?channel=RES_BUY,2024-12-12,10333.0,3.65,-1.74
365,"Falkner Square, Liverpool, Merseyside, L8","Liverpool, UK",L7,250000.0,2,https://rightmove.co.uk/properties/152596181#/?channel=RES_BUY,2024-09-18,10333.0,4.13,-1.33
366,"Fully Managed Liverpool Apartment, City Centre","Liverpool, UK",L7,250000.0,2,https://rightmove.co.uk/properties/160406363#/?channel=RES_BUY,2024-07-02,10333.0,4.13,-1.33
367,"Oldham Street, LIVERPOOL","Liverpool, UK",L7,250000.0,2,https://rightmove.co.uk/properties/96554287#/?channel=RES_BUY,2022-05-09,10333.0,4.13,-1.33
368,"Richmond Row, Liverpool, L3","Liverpool, UK",L6,257000.0,2,https://rightmove.co.uk/properties/158266013#/?channel=RES_BUY,2025-04-09,9878.571428571428,3.84,-1.58
369,Pembroke Road | Clifton,"Bristol, UK",BS1,275000.0,1,https://rightmove.co.uk/properties/164523854#/?channel=RES_BUY,2025-07-15,15888.571428571428,5.78,0.08
370,"Pembroke Road, Clifton, Bristol, BS8","Bristol, UK",BS1,300000.0,1,https://rightmove.co.uk/properties/164728265#/?channel=RES_BUY,2025-07-19,15888.571428571428,5.3,-0.33
371,"Invicta, Millennium Promenade, Bristol","Bristol, UK",BS1,250000.0,1,https://rightmove.co.uk/properties/164727032#/?channel=RES_BUY,2025-07-19,15888.571428571428,6.36,0.57
372,"Archfield Road, Cotham, Bristol, BS6 6BD","Bristol, UK",BS1,375000.0,2,https://rightmove.co.uk/properties/162671885#/?channel=RES_BUY,2025-07-19,19947.857142857145,5.32,-0.31
373,"Baldwin Street, Bristol","Bristol, UK",BS1,375000.0,2,https://rightmove.co.uk/properties/164720156#/?channel=RES_BUY,2025-07-19,19947.857142857145,5.32,-0.31
374,"Tyndalls Park Road, Clifton, Bristol, BS8","Bristol, UK",BS1,400000.0,2,https://rightmove.co.uk/properties/164711804#/?channel=RES_BUY,2025-07-18,19947.857142857145,4.99,-0.6
375,"Cotham Grove, Cotham, Bristol, BS6","Bristol, UK",BS1,300000.0,2,https://rightmove.co.uk/properties/164710922#/?channel=RES_BUY,2025-07-18,19947.857142857145,6.65,0.82
376,"Belgrave Road, Clifton, Bristol, BS8","Bristol, UK",BS1,290000.0,1,https://rightmove.co.uk/properties/164710856#/?channel=RES_BUY,2025-07-18,15888.571428571428,5.48,-0.18
377,"Portland Square, Bristol","Bristol, UK",BS1,350000.0,2,https://rightmove.co.uk/properties/161766299#/?channel=RES_BUY,2025-07-18,19947.857142857145,5.7,0.01
378,Portland Square | St Pauls,"Bristol, UK",BS1,274000.0,2,https://rightmove.co.uk/properties/161949137#/?channel=RES_BUY,2025-07-18,19947.857142857145,7.28,1.36
379,"Southleigh Road, Bristol, BS8","Bristol, UK",BS1,270000.0,1,https://rightmove.co.uk/properties/157993328#/?channel=RES_BUY,2025-07-18,15888.571428571428,5.88,0.17
380,"Colston Street, Bristol","Bristol, UK",BS1,285000.0,2,https://rightmove.co.uk/properties/164687597#/?channel=RES_BUY,2025-07-18,19947.857142857145,7.0,1.12
381,"Guinea Street, Bristol, BS1","Bristol, UK",BS1,350000.0,2,https://rightmove.co.uk/properties/162243671#/?channel=RES_BUY,2025-07-18,19947.857142857145,5.7,0.01
382,"Millennium Promenade, Bristol, BS1","Bristol, UK",BS1,360000.0,2,https://rightmove.co.uk/properties/164667758#/?channel=RES_BUY,2025-07-18,19947.857142857145,5.54,-0.12
383,"Gas Ferry Road, Bristol, BS1","Bristol, UK",BS1,325000.0,2,https://rightmove.co.uk/properties/164667728#/?channel=RES_BUY,2025-07-18,19947.857142857145,6.14,0.39
384,"York Place, Clifton, Bristol, BS8","Bristol, UK",BS1,350000.0,2,https://rightmove.co.uk/properties/162611048#/?channel=RES_BUY,2025-07-18,19947.857142857145,5.7,0.01
385,The Old Drill Hall,"Bristol, UK",BS1,270000.0,2,https://rightmove.co.uk/properties/164655209#/?channel=RES_BUY,2025-07-17,19947.857142857145,7.39,1.45
386,"St. Clements Court, St. Paul Street, Bristol, BS2","Bristol, UK",BS1,285000.0,2,https://rightmove.co.uk/properties/161527580#/?channel=RES_BUY,2025-07-17,19947.857142857145,7.0,1.12
387,"Park Row, Bristol, BS1","Bristol, UK",BS1,380000.0,2,https://rightmove.co.uk/properties/164630648#/?channel=RES_BUY,2025-07-17,19947.857142857145,5.25,-0.37
388,"Park Row, Bristol, BS1","Bristol, UK",BS1,392000.0,2,https://rightmove.co.uk/properties/162788618#/?channel=RES_BUY,2025-07-17,19947.857142857145,5.09,-0.51
389,"Central Quay North, Broad Quay, BS1","Bristol, UK",BS1,350000.0,2,https://rightmove.co.uk/properties/164625623#/?channel=RES_BUY,2025-07-17,19947.857142857145,5.7,0.01
390,"Raleigh Road, Southville","Bristol, UK",BS1,300000.0,2,https://rightmove.co.uk/properties/164616515#/?channel=RES_BUY,2025-07-17,19947.857142857145,6.65,0.82
391,"Eclipse, City Centre","Bristol, UK",BS1,350000.0,2,https://rightmove.co.uk/properties/164610776#/?channel=RES_BUY,2025-07-16,19947.857142857145,5.7,0.01
392,"St. Lukes Hall, William Street, Bristol","Bristol, UK",BS1,300000.0,2,https://rightmove.co.uk/properties/164609348#/?channel=RES_BUY,2025-07-16,19947.857142857145,6.65,0.82
393,"York Road, Bristol","Bristol, UK",BS1,270000.0,2,https://rightmove.co.uk/properties/160832384#/?channel=RES_BUY,2025-07-16,19947.857142857145,7.39,1.45
394,"Hannover Quay, Bristol, BS1","Bristol, UK",BS1,400000.0,2,https://rightmove.co.uk/properties/164583638#/?channel=RES_BUY,2025-07-16,19947.857142857145,4.99,-0.6
395,"Georges Square, Redcliffe, Bristol, BS1 6LA","Bristol, UK",BS1,450000.0,2,https://rightmove.co.uk/properties/155154827#/?channel=RES_BUY,2025-07-16,19947.857142857145,4.43,-1.07
396,"Hotwell Road, Bristol, BS8 4RY","Bristol, UK",BS1,300000.0,2,https://rightmove.co.uk/properties/161778536#/?channel=RES_BUY,2025-07-15,19947.857142857145,6.65,0.82
397,"Waverley House, Cathedral Walk, Bristol, BS1","Bristol, UK",BS1,250000.0,1,https://rightmove.co.uk/properties/163493378#/?channel=RES_BUY,2025-07-15,15888.571428571428,6.36,0.57
398,York Place | Clifton,"Bristol, UK",BS1,400000.0,2,https://rightmove.co.uk/properties/162614600#/?channel=RES_BUY,2025-07-15,19947.857142857145,4.99,-0.6
399,"Stackpool Road, Southville, BRISTOL, BS3","Bristol, UK",BS1,290000.0,1,https://rightmove.co.uk/properties/156284717#/?channel=RES_BUY,2025-07-15,15888.571428571428,5.48,-0.18
400,"Flat 50, Steamship House, Bristol, BS1 6GL, GB","Bristol, UK",BS1,315000.0,2,https://rightmove.co.uk/properties/163199618#/?channel=RES_BUY,2025-07-15,19947.857142857145,6.33,0.55
401,"Royal York Villas, Clifton, Bristol, BS8","Bristol, UK",BS1,425000.0,2,https://rightmove.co.uk/properties/163888814#/?channel=RES_BUY,2025-06-27,19947.857142857145,4.69,-0.85
402,"Balmoral House, Canons Way, Bristol, BS1","Bristol, UK",BS1,270000.0,2,https://rightmove.co.uk/properties/87079569#/?channel=RES_BUY,2025-07-15,19947.857142857145,7.39,1.45
403,"5102, St James Barton, City Centre, Bristol","Bristol, UK",BS1,250000.0,1,https://rightmove.co.uk/properties/164580635#/?channel=RES_BUY,2025-07-14,15888.571428571428,6.36,0.57
404,"Dover Place Cottages, Clifton, Bristol, BS8","Bristol, UK",BS1,315000.0,2,https://rightmove.co.uk/properties/164480876#/?channel=RES_BUY,2025-07-14,19947.857142857145,6.33,0.55
405,"French Yard, Bristol, BS1","Bristol, UK",BS1,399999.0,2,https://rightmove.co.uk/properties/162348131#/?channel=RES_BUY,2025-07-14,19947.857142857145,4.99,-0.6
406,"French Yard, Bristol, BS1","Bristol, UK",BS1,390000.0,2,https://rightmove.co.uk/properties/164470904#/?channel=RES_BUY,2025-07-14,19947.857142857145,5.11,-0.49
407,"Thomas Lane, City Centre","Bristol, UK",BS1,285000.0,2,https://rightmove.co.uk/properties/162106895#/?channel=RES_BUY,2025-07-14,19947.857142857145,7.0,1.12
408,"Crown & Anchor House, Sweetman Place, Bristol","Bristol, UK",BS1,255000.0,2,https://rightmove.co.uk/properties/164462057#/?channel=RES_BUY,2025-07-14,19947.857142857145,7.82,1.83
409,"4 Park Road, Southville, Bristol, BS3","Bristol, UK",BS1,375000.0,2,https://rightmove.co.uk/properties/164457020#/?channel=RES_BUY,2025-07-14,19947.857142857145,5.32,-0.31
410,"Merchants Road, Clifton, Bristol","Bristol, UK",BS1,425000.0,2,https://rightmove.co.uk/properties/162293873#/?channel=RES_BUY,2025-07-12,19947.857142857145,4.69,-0.85
411,"Richmond Street, Totterdown, Bristol","Bristol, UK",BS1,260000.0,1,https://rightmove.co.uk/properties/164421149#/?channel=RES_BUY,2025-07-11,15888.571428571428,6.11,0.36
412,Gloucester Row | Clifton,"Bristol, UK",BS1,410000.0,2,https://rightmove.co.uk/properties/164407007#/?channel=RES_BUY,2025-07-11,19947.857142857145,4.87,-0.7
413,"Centrum, Goodhind Street, BS5","Bristol, UK",BS1,250000.0,2,https://rightmove.co.uk/properties/164403674#/?channel=RES_BUY,2025-07-11,19947.857142857145,7.98,1.96
414,"Millennium Promenade, Bristol, BS1","Bristol, UK",BS1,260000.0,1,https://rightmove.co.uk/properties/164401415#/?channel=RES_BUY,2025-07-11,15888.571428571428,6.11,0.36
415,"Deanery Road, Bristol, BS1","Bristol, UK",BS1,375000.0,2,https://rightmove.co.uk/properties/154506719#/?channel=RES_BUY,2025-07-11,19947.857142857145,5.32,-0.31
416,"Millennium Promenade, Bristol, BS1","Bristol, UK",BS1,360000.0,2,https://rightmove.co.uk/properties/164398757#/?channel=RES_BUY,2025-07-11,19947.857142857145,5.54,-0.12
417,"Boot Lane, Bristol","Bristol, UK",BS2,280000.0,2,https://rightmove.co.uk/properties/162164453#/?channel=RES_BUY,2025-05-20,17741.142857142855,6.34,0.55
418,"Redland Grove, Bristol, Bristol, City of, BS6","Bristol, UK",BS2,290000.0,1,https://rightmove.co.uk/properties/156696662#/?channel=RES_BUY,2025-07-19,12874.285714285714,4.44,-1.07
419,"Elliston Road, Redland, Bristol, BS6","Bristol, UK",BS2,450000.0,2,https://rightmove.co.uk/properties/161354369#/?channel=RES_BUY,2025-07-18,17741.142857142855,3.94,-1.49
420,"Chandos, Woodfield Road, Redland, Bristol, BS6","Bristol, UK",BS2,490000.0,2,https://rightmove.co.uk/properties/161990375#/?channel=RES_BUY,2025-05-15,17741.142857142855,3.62,-1.77
421,Elton Road | Bishopston,"Bristol, UK",BS2,400000.0,2,https://rightmove.co.uk/properties/164628887#/?channel=RES_BUY,2025-07-17,17741.142857142855,4.44,-1.07
422,"Purton Road, Bishopston","Bristol, UK",BS2,415000.0,2,https://rightmove.co.uk/properties/158525009#/?channel=RES_BUY,2025-07-16,17741.142857142855,4.27,-1.21
423,"Clyde Road, Redland, Bristol","Bristol, UK",BS2,450000.0,2,https://rightmove.co.uk/properties/164547932#/?channel=RES_BUY,2025-07-15,17741.142857142855,3.94,-1.49
424,"Berkeley Road, Bishopston, Bristol","Bristol, UK",BS2,269950.0,2,https://rightmove.co.uk/properties/162796538#/?channel=RES_BUY,2025-07-14,17741.142857142855,6.57,0.76
425,"Ferry Street, Bristol","Bristol, UK",BS2,284000.0,2,https://rightmove.co.uk/properties/164191808#/?channel=RES_BUY,2025-07-11,17741.142857142855,6.25,0.48
426,"Cabot24, St Pauls","Bristol, UK",BS2,295000.0,2,https://rightmove.co.uk/properties/162909200#/?channel=RES_BUY,2025-07-11,17741.142857142855,6.01,0.28
427,"New Charlotte Street, Bedminster","Bristol, UK",BS2,280000.0,2,https://rightmove.co.uk/properties/87237501#/?channel=RES_BUY,2025-07-11,17741.142857142855,6.34,0.55
428,"Kingsdown Parade, Kingsdown","Bristol, UK",BS2,330000.0,1,https://rightmove.co.uk/properties/87224973#/?channel=RES_BUY,2025-07-10,12874.285714285714,3.9,-1.53
429,"Colston Avenue, Bristol","Bristol, UK",BS2,295000.0,1,https://rightmove.co.uk/properties/87216558#/?channel=RES_BUY,2025-07-10,12874.285714285714,4.36,-1.13
430,"Gaol Ferry Steps, Bristol","Bristol, UK",BS2,495000.0,2,https://rightmove.co.uk/properties/87204945#/?channel=RES_BUY,2025-07-10,17741.142857142855,3.58,-1.8
431,"Dean Street, Bristol","Bristol, UK",BS2,265000.0,2,https://rightmove.co.uk/properties/87196416#/?channel=RES_BUY,2025-07-10,17741.142857142855,6.69,0.86
432,"Waterloo Road, Bristol, BS2","Bristol, UK",BS2,280000.0,2,https://rightmove.co.uk/properties/162342833#/?channel=RES_BUY,2025-07-10,17741.142857142855,6.34,0.55
433,"Cotham Brow, Bristol, BS6","Bristol, UK",BS2,300000.0,2,https://rightmove.co.uk/properties/162625325#/?channel=RES_BUY,2025-07-10,17741.142857142855,5.91,0.19
434,Tyndalls Park Road | Clifton,"Bristol, UK",BS2,415000.0,2,https://rightmove.co.uk/properties/162749120#/?channel=RES_BUY,2025-07-10,17741.142857142855,4.27,-1.21
435,"City Road, Bristol, BS2","Bristol, UK",BS2,250000.0,2,https://rightmove.co.uk/properties/159878216#/?channel=RES_BUY,2025-07-10,17741.142857142855,7.1,1.2
436,Pembroke Road | Clifton,"Bristol, UK",BS6,395000.0,2,https://rightmove.co.uk/properties/164539190#/?channel=RES_BUY,2025-07-15,19807.5,5.01,-0.58
437,Apsley Road | Clifton,"Bristol, UK",BS6,595000.0,2,https://rightmove.co.uk/properties/164355620#/?channel=RES_BUY,2025-07-18,19807.5,3.33,-2.02
438,Burlington Road | Redland,"Bristol, UK",BS6,425000.0,2,https://rightmove.co.uk/properties/164690180#/?channel=RES_BUY,2025-07-18,19807.5,4.66,-0.88
439,Redland Road | Redland,"Bristol, UK",BS6,350000.0,2,https://rightmove.co.uk/properties/164642654#/?channel=RES_BUY,2025-07-17,19807.5,5.66,-0.02
440,"Henleaze Gardens, Bristol","Bristol, UK",BS6,415000.0,2,https://rightmove.co.uk/properties/159979085#/?channel=RES_BUY,2025-07-16,19807.5,4.77,-0.78
441,"Napier House, Chapel Green Lane, Redland, Bristol, BS6","Bristol, UK",BS6,320000.0,2,https://rightmove.co.uk/properties/160845497#/?channel=RES_BUY,2025-04-17,19807.5,6.19,0.43
442,"Durdham Park, BS6","Bristol, UK",BS6,350000.0,2,https://rightmove.co.uk/properties/164480471#/?channel=RES_BUY,2025-07-14,19807.5,5.66,-0.02
443,"Pembroke Road, Clifton, Bristol, Somerset, BS8","Bristol, UK",BS6,375000.0,2,https://rightmove.co.uk/properties/164406389#/?channel=RES_BUY,2025-07-11,19807.5,5.28,-0.35
444,Burlington Road | Redland,"Bristol, UK",BS6,325000.0,1,https://rightmove.co.uk/properties/163819226#/?channel=RES_BUY,2025-07-10,13620.0,4.19,-1.28
445,"Number One Bristol, Lewins Mead, Bristol, BS1","Bristol, UK",BS6,375000.0,2,https://rightmove.co.uk/properties/161470499#/?channel=RES_BUY,2025-07-10,19807.5,5.28,-0.35
446,"Lewins Mead, Bristol, BS1","Bristol, UK",BS6,440000.0,2,https://rightmove.co.uk/properties/159524930#/?channel=RES_BUY,2025-07-09,19807.5,4.5,-1.01
447,"Pritchard Street, St Pauls","Bristol, UK",BS6,310000.0,2,https://rightmove.co.uk/properties/164358767#/?channel=RES_BUY,2025-07-09,19807.5,6.39,0.6
448,"Harwood Square, Horfield, BS7","Bristol, UK",BS6,290000.0,2,https://rightmove.co.uk/properties/161173673#/?channel=RES_BUY,2025-07-08,19807.5,6.83,0.98
449,"Newfoundland Circus, Bristol, BS2","Bristol, UK",BS6,325000.0,2,https://rightmove.co.uk/properties/163923965#/?channel=RES_BUY,2025-07-08,19807.5,6.09,0.35
450,Cromwell Road | St Andrews,"Bristol, UK",BS6,325000.0,2,https://rightmove.co.uk/properties/164292695#/?channel=RES_BUY,2025-07-08,19807.5,6.09,0.35
451,St. Albans Road | Westbury Park,"Bristol, UK",BS6,350000.0,1,https://rightmove.co.uk/properties/164282714#/?channel=RES_BUY,2025-07-08,13620.0,3.89,-1.54
452,"Cotham Road, Cotham","Bristol, UK",BS6,325000.0,1,https://rightmove.co.uk/properties/164281922#/?channel=RES_BUY,2025-07-08,13620.0,4.19,-1.28
453,"Montague Street, Stokes Croft","Bristol, UK",BS6,285000.0,2,https://rightmove.co.uk/properties/164259146#/?channel=RES_BUY,2025-07-07,19807.5,6.95,1.08
454,"Electricity House, Colston Avenue - BUY TO LET OPPORTUNITY","Bristol, UK",BS6,395000.0,2,https://rightmove.co.uk/properties/164258003#/?channel=RES_BUY,2025-07-07,19807.5,5.01,-0.58
455,"Redland Road, Redland, Bristol, BS6","Bristol, UK",BS6,350000.0,2,https://rightmove.co.uk/properties/164247272#/?channel=RES_BUY,2025-07-07,19807.5,5.66,-0.02
456,"Cambridge Park, Redland, Bristol, BS6","Bristol, UK",BS6,645000.0,2,https://rightmove.co.uk/properties/164245943#/?channel=RES_BUY,2025-07-07,19807.5,3.07,-2.24
457,"Whiteladies Road, Bristol","Bristol, UK",BS6,300000.0,1,https://rightmove.co.uk/properties/164243186#/?channel=RES_BUY,2025-07-07,13620.0,4.54,-0.98
458,"Athena Court,  Station Road, Ashley Down, BS7","Bristol, UK",BS6,325000.0,2,https://rightmove.co.uk/properties/164228627#/?channel=RES_BUY,2025-07-07,19807.5,6.09,0.35
459,"Logan Road, West Bishopston, Bristol","Bristol, UK",BS6,350000.0,2,https://rightmove.co.uk/properties/162013064#/?channel=RES_BUY,2025-07-06,19807.5,5.66,-0.02
